[2025-10-28T00:00:06.458Z] ERROR: 💥 Uncaught Exception: spawn EFTYPE
[2025-10-28T00:00:06.458Z] ERROR: ♻️ Restarting due to: Uncaught Exception
Time: 28/10/2025, 03:00:06
[2025-10-28T00:00:13.451Z] ERROR: ❌ Error sending IPN: timeout of 10000ms exceeded
[2025-10-28T00:00:16.495Z] ERROR: 💥 Uncaught Exception: spawn EFTYPE
[2025-10-28T00:00:16.496Z] ERROR: ♻️ Restarting due to: Uncaught Exception
Time: 28/10/2025, 03:00:16
[2025-10-28T00:00:26.566Z] ERROR: 💥 Uncaught Exception: spawn EFTYPE
[2025-10-28T00:00:26.566Z] ERROR: ♻️ Restarting due to: Uncaught Exception
Time: 28/10/2025, 03:00:26
[2025-10-28T00:00:33.456Z] ERROR: ❌ Error sending IPN: getaddrinfo ENOTFOUND unhonoured-carisa-pseudodiphtheric.ngrok-free.dev
[2025-10-28T00:00:36.638Z] ERROR: 💥 Uncaught Exception: spawn EFTYPE
[2025-10-28T00:00:36.638Z] ERROR: ♻️ Restarting due to: Uncaught Exception
Time: 28/10/2025, 03:00:36
[2025-10-28T00:00:46.709Z] ERROR: 💥 Uncaught Exception: spawn EFTYPE
[2025-10-28T00:00:46.709Z] ERROR: ♻️ Restarting due to: Uncaught Exception
Time: 28/10/2025, 03:00:46
[2025-10-28T00:00:56.781Z] ERROR: 💥 Uncaught Exception: spawn EFTYPE
[2025-10-28T00:00:56.781Z] ERROR: ♻️ Restarting due to: Uncaught Exception
Time: 28/10/2025, 03:00:56
[2025-10-28T00:01:03.458Z] ERROR: ❌ Error sending IPN: getaddrinfo ENOTFOUND unhonoured-carisa-pseudodiphtheric.ngrok-free.dev
[2025-10-28T00:01:06.862Z] ERROR: 💥 Uncaught Exception: spawn EFTYPE
[2025-10-28T00:01:06.863Z] ERROR: ♻️ Restarting due to: Uncaught Exception
Time: 28/10/2025, 03:01:06
[2025-10-28T00:01:16.945Z] ERROR: 💥 Uncaught Exception: spawn EFTYPE
[2025-10-28T00:01:16.945Z] ERROR: ♻️ Restarting due to: Uncaught Exception
Time: 28/10/2025, 03:01:16
[2025-10-28T00:01:27.017Z] ERROR: 💥 Uncaught Exception: spawn EFTYPE
[2025-10-28T00:01:27.018Z] ERROR: ♻️ Restarting due to: Uncaught Exception
Time: 28/10/2025, 03:01:27
[2025-10-28T00:01:33.459Z] ERROR: ❌ Error sending IPN: getaddrinfo ENOTFOUND unhonoured-carisa-pseudodiphtheric.ngrok-free.dev
[2025-10-28T00:01:37.099Z] ERROR: 💥 Uncaught Exception: spawn EFTYPE
[2025-10-28T00:01:37.099Z] ERROR: ♻️ Restarting due to: Uncaught Exception
Time: 28/10/2025, 03:01:37
[2025-10-28T00:01:47.181Z] ERROR: 💥 Uncaught Exception: spawn EFTYPE
[2025-10-28T00:01:47.181Z] ERROR: ♻️ Restarting due to: Uncaught Exception
Time: 28/10/2025, 03:01:47
[2025-10-28T00:01:57.263Z] ERROR: 💥 Uncaught Exception: spawn EFTYPE
[2025-10-28T00:01:57.264Z] ERROR: ♻️ Restarting due to: Uncaught Exception
Time: 28/10/2025, 03:01:57
[2025-10-28T00:02:03.490Z] ERROR: ❌ Error sending IPN: getaddrinfo ENOTFOUND unhonoured-carisa-pseudodiphtheric.ngrok-free.dev
[2025-10-28T00:02:07.313Z] ERROR: 💥 Uncaught Exception: spawn EFTYPE
[2025-10-28T00:02:07.313Z] ERROR: ♻️ Restarting due to: Uncaught Exception
Time: 28/10/2025, 03:02:07
[2025-10-28T00:02:17.395Z] ERROR: 💥 Uncaught Exception: spawn EFTYPE
[2025-10-28T00:02:17.395Z] ERROR: ♻️ Restarting due to: Uncaught Exception
Time: 28/10/2025, 03:02:17
[2025-10-28T00:02:27.499Z] ERROR: 💥 Uncaught Exception: spawn EFTYPE
[2025-10-28T00:02:27.499Z] ERROR: ♻️ Restarting due to: Uncaught Exception
Time: 28/10/2025, 03:02:27
[2025-10-28T17:17:48.069Z] ERROR: ❌ Error sending IPN: timeout of 10000ms exceeded
[2025-10-28T17:18:18.084Z] ERROR: ❌ Error sending IPN: timeout of 10000ms exceeded
[2025-10-28T17:18:48.082Z] ERROR: ❌ Error sending IPN: timeout of 10000ms exceeded
[2025-10-28T17:19:18.112Z] ERROR: ❌ Error sending IPN: timeout of 10000ms exceeded
[2025-10-28T17:19:48.111Z] ERROR: ❌ Error sending IPN: timeout of 10000ms exceeded
[2025-10-28T17:22:05.216Z] ERROR: ❌ Error sending IPN: timeout of 10000ms exceeded
[2025-10-28T17:22:35.213Z] ERROR: ❌ Error sending IPN: timeout of 10000ms exceeded
[2025-10-28T17:24:05.226Z] ERROR: ❌ Error sending IPN: timeout of 10000ms exceeded
[2025-10-28T17:24:30.255Z] ERROR: ❌ Error sending IPN: Client network socket disconnected before secure TLS connection was established
[2025-10-28T17:26:05.254Z] ERROR: ❌ Error sending IPN: timeout of 10000ms exceeded
[2025-10-28T17:30:35.365Z] ERROR: ❌ Error sending IPN: timeout of 10000ms exceeded
[2025-10-28T17:32:05.380Z] ERROR: ❌ Error sending IPN: timeout of 10000ms exceeded
[2025-10-28T17:32:35.439Z] ERROR: ❌ Error sending IPN: timeout of 10000ms exceeded
[2025-10-28T17:36:05.423Z] ERROR: ❌ Error sending IPN: timeout of 10000ms exceeded
[2025-10-28T17:37:05.437Z] ERROR: ❌ Error sending IPN: timeout of 10000ms exceeded
[2025-10-28T17:38:05.436Z] ERROR: ❌ Error sending IPN: timeout of 10000ms exceeded
[2025-10-28T17:38:35.469Z] ERROR: ❌ Error sending IPN: timeout of 10000ms exceeded
[2025-10-28T17:39:05.469Z] ERROR: ❌ Error sending IPN: timeout of 10000ms exceeded
[2025-10-28T17:40:05.465Z] ERROR: ❌ Error sending IPN: timeout of 10000ms exceeded
[2025-10-28T17:41:05.472Z] ERROR: ❌ Error sending IPN: timeout of 10000ms exceeded
[2025-10-28T17:42:00.677Z] ERROR: ❌ Error sending IPN: socket hang up
[2025-10-28T17:42:35.487Z] ERROR: ❌ Error sending IPN: timeout of 10000ms exceeded
[2025-10-28T17:44:35.514Z] ERROR: ❌ Error sending IPN: timeout of 10000ms exceeded
[2025-10-28T17:45:05.517Z] ERROR: ❌ Error sending IPN: timeout of 10000ms exceeded
[2025-10-28T17:45:35.654Z] ERROR: ❌ Error sending IPN: timeout of 10000ms exceeded
[2025-10-28T17:47:05.540Z] ERROR: ❌ Error sending IPN: timeout of 10000ms exceeded
[2025-10-28T17:48:35.554Z] ERROR: ❌ Error sending IPN: timeout of 10000ms exceeded
[2025-10-28T17:50:04.349Z] ERROR: ❌ Error sending IPN: socket hang up
[2025-10-28T17:50:35.577Z] ERROR: ❌ Error sending IPN: timeout of 10000ms exceeded
[2025-10-28T17:51:05.579Z] ERROR: ❌ Error sending IPN: timeout of 10000ms exceeded
[2025-10-28T17:51:35.593Z] ERROR: ❌ Error sending IPN: timeout of 10000ms exceeded
[2025-10-28T17:52:35.600Z] ERROR: ❌ Error sending IPN: timeout of 10000ms exceeded
[2025-10-28T17:54:04.508Z] ERROR: ❌ Error sending IPN: socket hang up
[2025-10-28T17:54:28.925Z] ERROR: ❌ Error sending IPN: socket hang up
[2025-10-28T17:55:05.665Z] ERROR: ❌ Error sending IPN: timeout of 10000ms exceeded
[2025-10-28T17:55:31.296Z] ERROR: ❌ Error sending IPN: socket hang up
[2025-10-28T17:58:31.559Z] ERROR: ❌ Error sending IPN: socket hang up
[2025-10-28T18:00:05.734Z] ERROR: ❌ Error sending IPN: timeout of 10000ms exceeded
[2025-10-28T18:00:35.746Z] ERROR: ❌ Error sending IPN: timeout of 10000ms exceeded
[2025-10-28T18:00:59.803Z] ERROR: ❌ Error sending IPN: socket hang up
[2025-10-28T18:01:31.487Z] ERROR: ❌ Error sending IPN: socket hang up
[2025-10-28T18:02:05.789Z] ERROR: ❌ Error sending IPN: timeout of 10000ms exceeded
[2025-10-28T18:02:35.774Z] ERROR: ❌ Error sending IPN: timeout of 10000ms exceeded
[2025-10-28T18:03:05.811Z] ERROR: ❌ Error sending IPN: timeout of 10000ms exceeded
[2025-10-28T18:03:35.817Z] ERROR: ❌ Error sending IPN: timeout of 10000ms exceeded
[2025-10-28T18:04:05.804Z] ERROR: ❌ Error sending IPN: timeout of 10000ms exceeded
[2025-10-28T18:04:35.813Z] ERROR: ❌ Error sending IPN: timeout of 10000ms exceeded
[2025-10-28T18:05:05.832Z] ERROR: ❌ Error sending IPN: timeout of 10000ms exceeded
[2025-10-28T18:05:35.854Z] ERROR: ❌ Error sending IPN: timeout of 10000ms exceeded
[2025-10-28T18:06:05.855Z] ERROR: ❌ Error sending IPN: timeout of 10000ms exceeded
[2025-10-28T18:06:35.831Z] ERROR: ❌ Error sending IPN: timeout of 10000ms exceeded
[2025-10-28T18:07:05.862Z] ERROR: ❌ Error sending IPN: timeout of 10000ms exceeded
[2025-10-28T18:07:35.855Z] ERROR: ❌ Error sending IPN: timeout of 10000ms exceeded
[2025-10-28T18:08:05.847Z] ERROR: ❌ Error sending IPN: timeout of 10000ms exceeded
[2025-10-28T18:09:01.769Z] ERROR: ❌ Error sending IPN: socket hang up
[2025-10-28T18:10:02.085Z] ERROR: ❌ Error sending IPN: socket hang up
[2025-10-28T18:10:31.838Z] ERROR: ❌ Error sending IPN: socket hang up
[2025-10-28T18:11:30.952Z] ERROR: ❌ Error sending IPN: socket hang up
[2025-10-28T18:11:58.955Z] ERROR: ❌ Error sending IPN: socket hang up
[2025-10-28T18:13:31.655Z] ERROR: ❌ Error sending IPN: socket hang up
[2025-10-28T18:14:35.950Z] ERROR: ❌ Error sending IPN: timeout of 10000ms exceeded
[2025-10-28T18:16:05.951Z] ERROR: ❌ Error sending IPN: timeout of 10000ms exceeded
[2025-10-28T18:17:29.199Z] ERROR: ❌ Error sending IPN: read ECONNRESET
[2025-10-28T18:18:05.949Z] ERROR: ❌ Error sending IPN: timeout of 10000ms exceeded
[2025-10-28T18:19:05.949Z] ERROR: ❌ Error sending IPN: timeout of 10000ms exceeded
[2025-10-28T18:19:29.250Z] ERROR: ❌ Error sending IPN: socket hang up
[2025-10-28T18:20:01.162Z] ERROR: ❌ Error sending IPN: socket hang up
[2025-10-28T18:22:27.781Z] ERROR: ❌ Error sending IPN: socket hang up
[2025-10-28T18:23:05.960Z] ERROR: ❌ Error sending IPN: timeout of 10000ms exceeded
[2025-10-28T18:23:36.012Z] ERROR: ❌ Error sending IPN: timeout of 10000ms exceeded
[2025-10-28T18:24:05.984Z] ERROR: ❌ Error sending IPN: timeout of 10000ms exceeded
[2025-10-28T18:28:06.034Z] ERROR: ❌ Error sending IPN: timeout of 10000ms exceeded
[2025-10-28T18:28:36.030Z] ERROR: ❌ Error sending IPN: timeout of 10000ms exceeded
[2025-10-28T18:29:06.029Z] ERROR: ❌ Error sending IPN: timeout of 10000ms exceeded
[2025-10-28T18:29:36.046Z] ERROR: ❌ Error sending IPN: timeout of 10000ms exceeded
[2025-10-28T18:32:06.116Z] ERROR: ❌ Error sending IPN: timeout of 10000ms exceeded
[2025-10-28T18:32:36.112Z] ERROR: ❌ Error sending IPN: timeout of 10000ms exceeded
[2025-10-28T18:33:06.124Z] ERROR: ❌ Error sending IPN: timeout of 10000ms exceeded
[2025-10-28T18:34:06.154Z] ERROR: ❌ Error sending IPN: timeout of 10000ms exceeded
[2025-10-28T18:34:36.170Z] ERROR: ❌ Error sending IPN: timeout of 10000ms exceeded
[2025-10-28T18:35:06.167Z] ERROR: ❌ Error sending IPN: timeout of 10000ms exceeded
[2025-10-28T18:35:36.178Z] ERROR: ❌ Error sending IPN: timeout of 10000ms exceeded
[2025-10-28T18:38:36.235Z] ERROR: ❌ Error sending IPN: timeout of 10000ms exceeded
[2025-10-28T18:39:06.237Z] ERROR: ❌ Error sending IPN: timeout of 10000ms exceeded
[2025-10-28T18:40:06.246Z] ERROR: ❌ Error sending IPN: timeout of 10000ms exceeded
[2025-10-28T18:44:36.357Z] ERROR: ❌ Error sending IPN: timeout of 10000ms exceeded
[2025-10-28T18:45:06.372Z] ERROR: ❌ Error sending IPN: timeout of 10000ms exceeded
[2025-10-28T18:46:36.378Z] ERROR: ❌ Error sending IPN: timeout of 10000ms exceeded
[2025-10-28T18:47:36.389Z] ERROR: ❌ Error sending IPN: timeout of 10000ms exceeded
[2025-10-28T18:48:06.387Z] ERROR: ❌ Error sending IPN: timeout of 10000ms exceeded
[2025-10-28T18:48:36.403Z] ERROR: ❌ Error sending IPN: timeout of 10000ms exceeded
[2025-10-28T18:49:06.405Z] ERROR: ❌ Error sending IPN: timeout of 10000ms exceeded
[2025-10-28T18:50:06.402Z] ERROR: ❌ Error sending IPN: timeout of 10000ms exceeded
[2025-10-28T18:51:36.419Z] ERROR: ❌ Error sending IPN: timeout of 10000ms exceeded
[2025-10-28T18:52:06.416Z] ERROR: ❌ Error sending IPN: timeout of 10000ms exceeded
[2025-10-28T18:53:36.421Z] ERROR: ❌ Error sending IPN: timeout of 10000ms exceeded
[2025-10-28T18:54:06.421Z] ERROR: ❌ Error sending IPN: timeout of 10000ms exceeded
[2025-10-28T18:54:36.424Z] ERROR: ❌ Error sending IPN: timeout of 10000ms exceeded
[2025-10-28T18:55:36.442Z] ERROR: ❌ Error sending IPN: timeout of 10000ms exceeded
[2025-10-28T18:57:36.515Z] ERROR: ❌ Error sending IPN: timeout of 10000ms exceeded
[2025-10-28T19:00:06.546Z] ERROR: ❌ Error sending IPN: timeout of 10000ms exceeded
[2025-10-28T19:01:06.577Z] ERROR: ❌ Error sending IPN: timeout of 10000ms exceeded
[2025-10-28T19:02:36.622Z] ERROR: ❌ Error sending IPN: timeout of 10000ms exceeded
[2025-10-28T19:03:06.633Z] ERROR: ❌ Error sending IPN: timeout of 10000ms exceeded
[2025-10-28T19:04:06.660Z] ERROR: ❌ Error sending IPN: timeout of 10000ms exceeded
[2025-10-28T19:05:06.689Z] ERROR: ❌ Error sending IPN: timeout of 10000ms exceeded
[2025-10-28T19:06:06.716Z] ERROR: ❌ Error sending IPN: timeout of 10000ms exceeded
[2025-10-28T19:06:36.704Z] ERROR: ❌ Error sending IPN: timeout of 10000ms exceeded
[2025-10-28T19:07:06.725Z] ERROR: ❌ Error sending IPN: timeout of 10000ms exceeded
[2025-10-28T19:08:06.750Z] ERROR: ❌ Error sending IPN: timeout of 10000ms exceeded
[2025-10-28T19:09:06.779Z] ERROR: ❌ Error sending IPN: timeout of 10000ms exceeded
[2025-10-28T19:09:36.790Z] ERROR: ❌ Error sending IPN: timeout of 10000ms exceeded
[2025-10-28T19:10:06.798Z] ERROR: ❌ Error sending IPN: timeout of 10000ms exceeded
[2025-10-28T19:10:36.811Z] ERROR: ❌ Error sending IPN: timeout of 10000ms exceeded
[2025-10-28T19:11:36.815Z] ERROR: ❌ Error sending IPN: timeout of 10000ms exceeded
[2025-10-28T19:12:06.816Z] ERROR: ❌ Error sending IPN: timeout of 10000ms exceeded
[2025-10-28T19:13:06.841Z] ERROR: ❌ Error sending IPN: timeout of 10000ms exceeded
[2025-10-28T19:14:06.844Z] ERROR: ❌ Error sending IPN: timeout of 10000ms exceeded
[2025-10-28T19:14:36.853Z] ERROR: ❌ Error sending IPN: timeout of 10000ms exceeded
[2025-10-28T19:15:06.847Z] ERROR: ❌ Error sending IPN: timeout of 10000ms exceeded
[2025-10-28T19:15:36.862Z] ERROR: ❌ Error sending IPN: timeout of 10000ms exceeded
[2025-10-28T19:16:06.874Z] ERROR: ❌ Error sending IPN: timeout of 10000ms exceeded
[2025-10-28T19:19:06.943Z] ERROR: ❌ Error sending IPN: timeout of 10000ms exceeded
[2025-10-28T19:19:36.939Z] ERROR: ❌ Error sending IPN: timeout of 10000ms exceeded
[2025-10-28T19:20:06.949Z] ERROR: ❌ Error sending IPN: timeout of 10000ms exceeded
[2025-10-28T19:23:02.285Z] ERROR: ❌ Error sending IPN: socket hang up
[2025-10-28T19:24:37.030Z] ERROR: ❌ Error sending IPN: timeout of 10000ms exceeded
[2025-10-28T19:25:37.036Z] ERROR: ❌ Error sending IPN: timeout of 10000ms exceeded
[2025-10-28T19:26:37.048Z] ERROR: ❌ Error sending IPN: timeout of 10000ms exceeded
[2025-10-28T19:27:00.319Z] ERROR: ❌ Error sending IPN: read ECONNRESET
[2025-10-28T19:27:37.080Z] ERROR: ❌ Error sending IPN: timeout of 10000ms exceeded
[2025-10-28T19:28:37.086Z] ERROR: ❌ Error sending IPN: timeout of 10000ms exceeded
[2025-10-28T19:29:07.085Z] ERROR: ❌ Error sending IPN: timeout of 10000ms exceeded
[2025-10-28T19:30:01.844Z] ERROR: ❌ Error sending IPN: socket hang up
[2025-10-28T19:31:37.123Z] ERROR: ❌ Error sending IPN: timeout of 10000ms exceeded
[2025-10-28T19:32:07.127Z] ERROR: ❌ Error sending IPN: timeout of 10000ms exceeded
[2025-10-28T19:32:31.211Z] ERROR: ❌ Error sending IPN: socket hang up
[2025-10-28T19:33:07.135Z] ERROR: ❌ Error sending IPN: timeout of 10000ms exceeded
[2025-10-28T19:33:37.143Z] ERROR: ❌ Error sending IPN: timeout of 10000ms exceeded
[2025-10-28T19:34:07.154Z] ERROR: ❌ Error sending IPN: timeout of 10000ms exceeded
[2025-10-28T19:34:32.999Z] ERROR: ❌ Error sending IPN: socket hang up
[2025-10-28T19:35:37.195Z] ERROR: ❌ Error sending IPN: timeout of 10000ms exceeded
[2025-10-28T19:36:31.302Z] ERROR: ❌ Error sending IPN: socket hang up
[2025-10-28T19:38:07.230Z] ERROR: ❌ Error sending IPN: timeout of 10000ms exceeded
[2025-10-28T19:38:37.247Z] ERROR: ❌ Error sending IPN: timeout of 10000ms exceeded
[2025-10-28T19:40:37.281Z] ERROR: ❌ Error sending IPN: timeout of 10000ms exceeded
[2025-10-28T19:41:37.297Z] ERROR: ❌ Error sending IPN: timeout of 10000ms exceeded
[2025-10-28T19:42:37.313Z] ERROR: ❌ Error sending IPN: timeout of 10000ms exceeded
[2025-10-28T19:43:37.347Z] ERROR: ❌ Error sending IPN: timeout of 10000ms exceeded
[2025-10-28T19:46:37.250Z] ERROR: ❌ Error sending IPN: socket hang up
[2025-10-28T19:47:37.401Z] ERROR: ❌ Error sending IPN: timeout of 10000ms exceeded
[2025-10-28T19:48:07.401Z] ERROR: ❌ Error sending IPN: timeout of 10000ms exceeded
[2025-10-28T19:48:37.404Z] ERROR: ❌ Error sending IPN: timeout of 10000ms exceeded
[2025-10-28T19:49:37.419Z] ERROR: ❌ Error sending IPN: timeout of 10000ms exceeded
[2025-10-28T19:51:00.994Z] ERROR: ❌ Error sending IPN: socket hang up
[2025-10-28T19:51:37.436Z] ERROR: ❌ Error sending IPN: timeout of 10000ms exceeded
[2025-10-28T19:52:07.439Z] ERROR: ❌ Error sending IPN: timeout of 10000ms exceeded
[2025-10-28T19:53:37.599Z] ERROR: ❌ Error sending IPN: timeout of 10000ms exceeded
[2025-10-28T19:55:07.470Z] ERROR: ❌ Error sending IPN: timeout of 10000ms exceeded
[2025-10-28T19:55:37.498Z] ERROR: ❌ Error sending IPN: timeout of 10000ms exceeded
[2025-10-28T19:56:03.446Z] ERROR: ❌ Error sending IPN: socket hang up
[2025-10-28T19:56:33.427Z] ERROR: ❌ Error sending IPN: socket hang up
[2025-10-28T19:58:37.521Z] ERROR: ❌ Error sending IPN: timeout of 10000ms exceeded
[2025-10-28T19:59:00.799Z] ERROR: ❌ Error sending IPN: socket hang up
[2025-10-28T20:00:37.551Z] ERROR: ❌ Error sending IPN: timeout of 10000ms exceeded
[2025-10-28T20:01:07.560Z] ERROR: ❌ Error sending IPN: timeout of 10000ms exceeded
[2025-10-28T20:03:07.607Z] ERROR: ❌ Error sending IPN: timeout of 10000ms exceeded
[2025-10-28T20:06:37.674Z] ERROR: ❌ Error sending IPN: timeout of 10000ms exceeded
[2025-10-28T20:07:37.688Z] ERROR: ❌ Error sending IPN: timeout of 10000ms exceeded
[2025-10-28T20:08:37.707Z] ERROR: ❌ Error sending IPN: timeout of 10000ms exceeded
[2025-10-28T20:09:07.704Z] ERROR: ❌ Error sending IPN: timeout of 10000ms exceeded
[2025-10-28T20:10:07.731Z] ERROR: ❌ Error sending IPN: timeout of 10000ms exceeded
[2025-10-28T20:12:37.795Z] ERROR: ❌ Error sending IPN: timeout of 10000ms exceeded
[2025-10-28T20:13:37.796Z] ERROR: ❌ Error sending IPN: timeout of 10000ms exceeded
[2025-10-28T20:14:02.070Z] ERROR: ❌ Error sending IPN: socket hang up
[2025-10-28T20:14:37.804Z] ERROR: ❌ Error sending IPN: timeout of 10000ms exceeded
[2025-10-28T20:15:07.822Z] ERROR: ❌ Error sending IPN: timeout of 10000ms exceeded
[2025-10-28T20:15:37.836Z] ERROR: ❌ Error sending IPN: timeout of 10000ms exceeded
[2025-10-28T20:16:07.834Z] ERROR: ❌ Error sending IPN: timeout of 10000ms exceeded
[2025-10-28T20:17:07.849Z] ERROR: ❌ Error sending IPN: timeout of 10000ms exceeded
[2025-10-28T20:17:37.874Z] ERROR: ❌ Error sending IPN: timeout of 10000ms exceeded
[2025-10-28T20:18:07.865Z] ERROR: ❌ Error sending IPN: timeout of 10000ms exceeded
[2025-10-28T20:19:07.893Z] ERROR: ❌ Error sending IPN: timeout of 10000ms exceeded
[2025-10-28T20:20:07.898Z] ERROR: ❌ Error sending IPN: timeout of 10000ms exceeded
[2025-10-28T20:21:07.893Z] ERROR: ❌ Error sending IPN: timeout of 10000ms exceeded
[2025-10-28T20:21:31.261Z] ERROR: ❌ Error sending IPN: socket hang up
[2025-10-28T20:22:32.071Z] ERROR: ❌ Error sending IPN: socket hang up
[2025-10-28T20:23:37.943Z] ERROR: ❌ Error sending IPN: timeout of 10000ms exceeded
[2025-10-28T20:25:07.964Z] ERROR: ❌ Error sending IPN: timeout of 10000ms exceeded
[2025-10-28T20:25:38.014Z] ERROR: ❌ Error sending IPN: timeout of 10000ms exceeded
[2025-10-28T20:27:03.944Z] ERROR: ❌ Error sending IPN: socket hang up
[2025-10-28T20:27:38.014Z] ERROR: ❌ Error sending IPN: timeout of 10000ms exceeded
[2025-10-28T20:28:38.031Z] ERROR: ❌ Error sending IPN: timeout of 10000ms exceeded
[2025-10-28T20:29:08.052Z] ERROR: ❌ Error sending IPN: timeout of 10000ms exceeded
[2025-10-28T20:29:38.045Z] ERROR: ❌ Error sending IPN: timeout of 10000ms exceeded
[2025-10-28T20:30:38.070Z] ERROR: ❌ Error sending IPN: timeout of 10000ms exceeded
[2025-10-28T20:31:38.080Z] ERROR: ❌ Error sending IPN: timeout of 10000ms exceeded
[2025-10-28T20:32:08.097Z] ERROR: ❌ Error sending IPN: timeout of 10000ms exceeded
[2025-10-28T20:32:38.099Z] ERROR: ❌ Error sending IPN: timeout of 10000ms exceeded
[2025-10-28T20:33:08.123Z] ERROR: ❌ Error sending IPN: timeout of 10000ms exceeded
[2025-10-28T20:33:38.121Z] ERROR: ❌ Error sending IPN: timeout of 10000ms exceeded
[2025-10-28T20:34:38.126Z] ERROR: ❌ Error sending IPN: timeout of 10000ms exceeded
[2025-10-28T20:35:08.142Z] ERROR: ❌ Error sending IPN: timeout of 10000ms exceeded
[2025-10-28T20:36:08.157Z] ERROR: ❌ Error sending IPN: timeout of 10000ms exceeded
[2025-10-28T20:36:38.157Z] ERROR: ❌ Error sending IPN: timeout of 10000ms exceeded
[2025-10-28T20:37:08.159Z] ERROR: ❌ Error sending IPN: timeout of 10000ms exceeded
[2025-10-28T20:38:08.168Z] ERROR: ❌ Error sending IPN: timeout of 10000ms exceeded
[2025-10-28T20:38:38.170Z] ERROR: ❌ Error sending IPN: timeout of 10000ms exceeded
[2025-10-28T20:39:08.168Z] ERROR: ❌ Error sending IPN: timeout of 10000ms exceeded
[2025-10-28T20:41:08.194Z] ERROR: ❌ Error sending IPN: timeout of 10000ms exceeded
[2025-10-28T20:41:38.210Z] ERROR: ❌ Error sending IPN: timeout of 10000ms exceeded
[2025-10-28T20:42:08.216Z] ERROR: ❌ Error sending IPN: timeout of 10000ms exceeded
[2025-10-28T20:42:38.223Z] ERROR: ❌ Error sending IPN: timeout of 10000ms exceeded
[2025-10-28T20:43:08.229Z] ERROR: ❌ Error sending IPN: timeout of 10000ms exceeded
[2025-10-28T20:43:38.240Z] ERROR: ❌ Error sending IPN: timeout of 10000ms exceeded
[2025-10-28T20:44:08.261Z] ERROR: ❌ Error sending IPN: timeout of 10000ms exceeded
[2025-10-28T20:45:08.276Z] ERROR: ❌ Error sending IPN: timeout of 10000ms exceeded
[2025-10-28T20:45:38.282Z] ERROR: ❌ Error sending IPN: timeout of 10000ms exceeded
[2025-10-28T20:46:08.311Z] ERROR: ❌ Error sending IPN: timeout of 10000ms exceeded
[2025-10-28T20:46:38.304Z] ERROR: ❌ Error sending IPN: timeout of 10000ms exceeded
[2025-10-28T20:47:08.311Z] ERROR: ❌ Error sending IPN: timeout of 10000ms exceeded
[2025-10-28T20:47:38.337Z] ERROR: ❌ Error sending IPN: timeout of 10000ms exceeded
[2025-10-28T20:48:08.334Z] ERROR: ❌ Error sending IPN: timeout of 10000ms exceeded
[2025-10-28T20:51:08.376Z] ERROR: ❌ Error sending IPN: timeout of 10000ms exceeded
[2025-10-28T20:52:28.536Z] ERROR: ❌ Error sending IPN: Client network socket disconnected before secure TLS connection was established
[2025-10-28T20:52:58.452Z] ERROR: ❌ Error sending IPN: Client network socket disconnected before secure TLS connection was established
[2025-10-28T20:53:28.524Z] ERROR: ❌ Error sending IPN: Client network socket disconnected before secure TLS connection was established
[2025-10-28T20:53:58.473Z] ERROR: ❌ Error sending IPN: Client network socket disconnected before secure TLS connection was established
[2025-10-28T20:54:31.999Z] ERROR: ❌ Error sending IPN: getaddrinfo ENOTFOUND unhonoured-carisa-pseudodiphtheric.ngrok-free.dev
[2025-10-28T20:54:58.571Z] ERROR: ❌ Error sending IPN: Client network socket disconnected before secure TLS connection was established
[2025-10-28T20:55:28.495Z] ERROR: ❌ Error sending IPN: Client network socket disconnected before secure TLS connection was established
[2025-10-28T20:56:08.464Z] ERROR: ❌ Error sending IPN: timeout of 10000ms exceeded
[2025-10-28T20:57:08.474Z] ERROR: ❌ Error sending IPN: timeout of 10000ms exceeded
[2025-10-28T21:00:02.664Z] ERROR: ♻️ Restarting due to: Scheduled daily midnight restart
Time: 29/10/2025, 00:00:00
[2025-10-28T21:00:02.796Z] ERROR: ❌ Error sending IPN: socket hang up
[2025-10-28T21:00:13.367Z] ERROR: 💥 Uncaught Exception: spawn EFTYPE
[2025-10-28T21:00:13.368Z] ERROR: ♻️ Restarting due to: Uncaught Exception
Time: 29/10/2025, 00:00:13
[2025-10-28T21:00:23.373Z] ERROR: 💥 Uncaught Exception: spawn EFTYPE
[2025-10-28T21:00:23.373Z] ERROR: ♻️ Restarting due to: Uncaught Exception
Time: 29/10/2025, 00:00:23
[2025-10-28T21:00:33.378Z] ERROR: 💥 Uncaught Exception: spawn EFTYPE
[2025-10-28T21:00:33.378Z] ERROR: ♻️ Restarting due to: Uncaught Exception
Time: 29/10/2025, 00:00:33
[2025-10-28T21:00:38.465Z] ERROR: ❌ Error sending IPN: timeout of 10000ms exceeded
[2025-10-28T21:00:43.413Z] ERROR: 💥 Uncaught Exception: spawn EFTYPE
[2025-10-28T21:00:43.413Z] ERROR: ♻️ Restarting due to: Uncaught Exception
Time: 29/10/2025, 00:00:43
[2025-10-28T21:00:53.418Z] ERROR: 💥 Uncaught Exception: spawn EFTYPE
[2025-10-28T21:00:53.418Z] ERROR: ♻️ Restarting due to: Uncaught Exception
Time: 29/10/2025, 00:00:53
[2025-10-28T21:01:03.423Z] ERROR: 💥 Uncaught Exception: spawn EFTYPE
[2025-10-28T21:01:03.424Z] ERROR: ♻️ Restarting due to: Uncaught Exception
Time: 29/10/2025, 00:01:03
[2025-10-28T21:01:08.465Z] ERROR: ❌ Error sending IPN: timeout of 10000ms exceeded
[2025-10-28T21:01:13.427Z] ERROR: 💥 Uncaught Exception: spawn EFTYPE
[2025-10-28T21:01:13.427Z] ERROR: ♻️ Restarting due to: Uncaught Exception
Time: 29/10/2025, 00:01:13
[2025-10-28T21:01:23.432Z] ERROR: 💥 Uncaught Exception: spawn EFTYPE
[2025-10-28T21:01:23.432Z] ERROR: ♻️ Restarting due to: Uncaught Exception
Time: 29/10/2025, 00:01:23
[2025-10-28T21:01:33.439Z] ERROR: 💥 Uncaught Exception: spawn EFTYPE
[2025-10-28T21:01:33.439Z] ERROR: ♻️ Restarting due to: Uncaught Exception
Time: 29/10/2025, 00:01:33
[2025-10-28T21:01:38.465Z] ERROR: ❌ Error sending IPN: timeout of 10000ms exceeded
[2025-10-28T21:01:43.445Z] ERROR: 💥 Uncaught Exception: spawn EFTYPE
[2025-10-28T21:01:43.445Z] ERROR: ♻️ Restarting due to: Uncaught Exception
Time: 29/10/2025, 00:01:43
[2025-10-28T21:01:53.449Z] ERROR: 💥 Uncaught Exception: spawn EFTYPE
[2025-10-28T21:01:53.450Z] ERROR: ♻️ Restarting due to: Uncaught Exception
Time: 29/10/2025, 00:01:53
[2025-10-28T21:02:03.454Z] ERROR: 💥 Uncaught Exception: spawn EFTYPE
[2025-10-28T21:02:03.454Z] ERROR: ♻️ Restarting due to: Uncaught Exception
Time: 29/10/2025, 00:02:03
[2025-10-28T21:02:08.467Z] ERROR: ❌ Error sending IPN: timeout of 10000ms exceeded
[2025-10-28T21:02:13.457Z] ERROR: 💥 Uncaught Exception: spawn EFTYPE
[2025-10-28T21:02:13.457Z] ERROR: ♻️ Restarting due to: Uncaught Exception
Time: 29/10/2025, 00:02:13
[2025-10-28T21:02:23.469Z] ERROR: 💥 Uncaught Exception: spawn EFTYPE
[2025-10-28T21:02:23.469Z] ERROR: ♻️ Restarting due to: Uncaught Exception
Time: 29/10/2025, 00:02:23
[2025-10-28T21:02:33.477Z] ERROR: 💥 Uncaught Exception: spawn EFTYPE
[2025-10-28T21:02:33.477Z] ERROR: ♻️ Restarting due to: Uncaught Exception
Time: 29/10/2025, 00:02:33
[2025-10-28T21:02:43.483Z] ERROR: 💥 Uncaught Exception: spawn EFTYPE
[2025-10-28T21:02:43.483Z] ERROR: ♻️ Restarting due to: Uncaught Exception
Time: 29/10/2025, 00:02:43
[2025-10-28T21:02:53.487Z] ERROR: 💥 Uncaught Exception: spawn EFTYPE
[2025-10-28T21:02:53.487Z] ERROR: ♻️ Restarting due to: Uncaught Exception
Time: 29/10/2025, 00:02:53
[2025-10-28T21:03:03.491Z] ERROR: 💥 Uncaught Exception: spawn EFTYPE
[2025-10-28T21:03:03.491Z] ERROR: ♻️ Restarting due to: Uncaught Exception
Time: 29/10/2025, 00:03:03
[2025-10-28T21:03:08.466Z] ERROR: ❌ Error sending IPN: timeout of 10000ms exceeded
[2025-10-28T21:03:13.498Z] ERROR: 💥 Uncaught Exception: spawn EFTYPE
[2025-10-28T21:03:13.499Z] ERROR: ♻️ Restarting due to: Uncaught Exception
Time: 29/10/2025, 00:03:13
[2025-10-28T21:03:23.504Z] ERROR: 💥 Uncaught Exception: spawn EFTYPE
[2025-10-28T21:03:23.504Z] ERROR: ♻️ Restarting due to: Uncaught Exception
Time: 29/10/2025, 00:03:23
[2025-10-28T21:03:33.508Z] ERROR: 💥 Uncaught Exception: spawn EFTYPE
[2025-10-28T21:03:33.509Z] ERROR: ♻️ Restarting due to: Uncaught Exception
Time: 29/10/2025, 00:03:33
[2025-10-28T21:03:43.520Z] ERROR: 💥 Uncaught Exception: spawn EFTYPE
[2025-10-28T21:03:43.520Z] ERROR: ♻️ Restarting due to: Uncaught Exception
Time: 29/10/2025, 00:03:43
[2025-10-28T21:03:53.529Z] ERROR: 💥 Uncaught Exception: spawn EFTYPE
[2025-10-28T21:03:53.529Z] ERROR: ♻️ Restarting due to: Uncaught Exception
Time: 29/10/2025, 00:03:53
[2025-10-28T21:04:03.536Z] ERROR: 💥 Uncaught Exception: spawn EFTYPE
[2025-10-28T21:04:03.536Z] ERROR: ♻️ Restarting due to: Uncaught Exception
Time: 29/10/2025, 00:04:03
[2025-10-28T21:04:08.469Z] ERROR: ❌ Error sending IPN: timeout of 10000ms exceeded
[2025-10-28T21:04:13.544Z] ERROR: 💥 Uncaught Exception: spawn EFTYPE
[2025-10-28T21:04:13.544Z] ERROR: ♻️ Restarting due to: Uncaught Exception
Time: 29/10/2025, 00:04:13
[2025-10-28T21:04:23.555Z] ERROR: 💥 Uncaught Exception: spawn EFTYPE
[2025-10-28T21:04:23.555Z] ERROR: ♻️ Restarting due to: Uncaught Exception
Time: 29/10/2025, 00:04:23
[2025-10-28T21:04:33.562Z] ERROR: 💥 Uncaught Exception: spawn EFTYPE
[2025-10-28T21:04:33.562Z] ERROR: ♻️ Restarting due to: Uncaught Exception
Time: 29/10/2025, 00:04:33
[2025-10-28T21:04:43.567Z] ERROR: 💥 Uncaught Exception: spawn EFTYPE
[2025-10-28T21:04:43.568Z] ERROR: ♻️ Restarting due to: Uncaught Exception
Time: 29/10/2025, 00:04:43
[2025-10-28T21:04:53.572Z] ERROR: 💥 Uncaught Exception: spawn EFTYPE
[2025-10-28T21:04:53.573Z] ERROR: ♻️ Restarting due to: Uncaught Exception
Time: 29/10/2025, 00:04:53
[2025-10-28T21:05:03.578Z] ERROR: 💥 Uncaught Exception: spawn EFTYPE
[2025-10-28T21:05:03.579Z] ERROR: ♻️ Restarting due to: Uncaught Exception
Time: 29/10/2025, 00:05:03
[2025-10-28T21:05:13.584Z] ERROR: 💥 Uncaught Exception: spawn EFTYPE
[2025-10-28T21:05:13.585Z] ERROR: ♻️ Restarting due to: Uncaught Exception
Time: 29/10/2025, 00:05:13
[2025-10-28T21:05:23.591Z] ERROR: 💥 Uncaught Exception: spawn EFTYPE
[2025-10-28T21:05:23.592Z] ERROR: ♻️ Restarting due to: Uncaught Exception
Time: 29/10/2025, 00:05:23
[2025-10-28T21:05:33.597Z] ERROR: 💥 Uncaught Exception: spawn EFTYPE
[2025-10-28T21:05:33.597Z] ERROR: ♻️ Restarting due to: Uncaught Exception
Time: 29/10/2025, 00:05:33
[2025-10-28T21:05:38.468Z] ERROR: ❌ Error sending IPN: timeout of 10000ms exceeded
[2025-10-28T21:05:43.601Z] ERROR: 💥 Uncaught Exception: spawn EFTYPE
[2025-10-28T21:05:43.601Z] ERROR: ♻️ Restarting due to: Uncaught Exception
Time: 29/10/2025, 00:05:43
[2025-10-28T21:05:53.607Z] ERROR: 💥 Uncaught Exception: spawn EFTYPE
[2025-10-28T21:05:53.608Z] ERROR: ♻️ Restarting due to: Uncaught Exception
Time: 29/10/2025, 00:05:53
[2025-10-28T21:06:03.612Z] ERROR: 💥 Uncaught Exception: spawn EFTYPE
[2025-10-28T21:06:03.613Z] ERROR: ♻️ Restarting due to: Uncaught Exception
Time: 29/10/2025, 00:06:03
[2025-10-28T21:06:13.708Z] ERROR: 💥 Uncaught Exception: spawn EFTYPE
[2025-10-28T21:06:13.708Z] ERROR: ♻️ Restarting due to: Uncaught Exception
Time: 29/10/2025, 00:06:13
[2025-10-28T21:06:23.791Z] ERROR: 💥 Uncaught Exception: spawn EFTYPE
[2025-10-28T21:06:23.791Z] ERROR: ♻️ Restarting due to: Uncaught Exception
Time: 29/10/2025, 00:06:23
[2025-10-28T21:06:33.850Z] ERROR: 💥 Uncaught Exception: spawn EFTYPE
[2025-10-28T21:06:33.851Z] ERROR: ♻️ Restarting due to: Uncaught Exception
Time: 29/10/2025, 00:06:33
[2025-10-28T21:06:43.911Z] ERROR: 💥 Uncaught Exception: spawn EFTYPE
[2025-10-28T21:06:43.911Z] ERROR: ♻️ Restarting due to: Uncaught Exception
Time: 29/10/2025, 00:06:43
[2025-10-28T21:06:54.404Z] ERROR: 💥 Uncaught Exception: spawn EFTYPE
[2025-10-28T21:06:54.404Z] ERROR: ♻️ Restarting due to: Uncaught Exception
Time: 29/10/2025, 00:06:54
[2025-10-28T21:07:04.431Z] ERROR: 💥 Uncaught Exception: spawn EFTYPE
[2025-10-28T21:07:04.431Z] ERROR: ♻️ Restarting due to: Uncaught Exception
Time: 29/10/2025, 00:07:04
[2025-10-28T21:07:08.469Z] ERROR: ❌ Error sending IPN: timeout of 10000ms exceeded
[2025-10-28T21:07:14.557Z] ERROR: 💥 Uncaught Exception: spawn EFTYPE
[2025-10-28T21:07:14.558Z] ERROR: ♻️ Restarting due to: Uncaught Exception
Time: 29/10/2025, 00:07:14
[2025-10-28T21:07:24.618Z] ERROR: 💥 Uncaught Exception: spawn EFTYPE
[2025-10-28T21:07:24.618Z] ERROR: ♻️ Restarting due to: Uncaught Exception
Time: 29/10/2025, 00:07:24
[2025-10-28T21:07:34.722Z] ERROR: 💥 Uncaught Exception: spawn EFTYPE
[2025-10-28T21:07:34.723Z] ERROR: ♻️ Restarting due to: Uncaught Exception
Time: 29/10/2025, 00:07:34
[2025-10-28T21:07:38.467Z] ERROR: ❌ Error sending IPN: timeout of 10000ms exceeded
[2025-10-28T21:07:44.838Z] ERROR: 💥 Uncaught Exception: spawn EFTYPE
[2025-10-28T21:07:44.838Z] ERROR: ♻️ Restarting due to: Uncaught Exception
Time: 29/10/2025, 00:07:44
[2025-10-28T21:07:54.887Z] ERROR: 💥 Uncaught Exception: spawn EFTYPE
[2025-10-28T21:07:54.887Z] ERROR: ♻️ Restarting due to: Uncaught Exception
Time: 29/10/2025, 00:07:54
[2025-10-28T21:08:05.103Z] ERROR: 💥 Uncaught Exception: spawn EFTYPE
[2025-10-28T21:08:05.103Z] ERROR: ♻️ Restarting due to: Uncaught Exception
Time: 29/10/2025, 00:08:05
[2025-10-28T21:08:15.141Z] ERROR: 💥 Uncaught Exception: spawn EFTYPE
[2025-10-28T21:08:15.141Z] ERROR: ♻️ Restarting due to: Uncaught Exception
Time: 29/10/2025, 00:08:15
[2025-10-28T21:08:25.179Z] ERROR: 💥 Uncaught Exception: spawn EFTYPE
[2025-10-28T21:08:25.179Z] ERROR: ♻️ Restarting due to: Uncaught Exception
Time: 29/10/2025, 00:08:25
[2025-10-28T21:08:35.195Z] ERROR: 💥 Uncaught Exception: spawn EFTYPE
[2025-10-28T21:08:35.195Z] ERROR: ♻️ Restarting due to: Uncaught Exception
Time: 29/10/2025, 00:08:35
[2025-10-28T21:08:38.468Z] ERROR: ❌ Error sending IPN: timeout of 10000ms exceeded
[2025-10-28T21:08:45.233Z] ERROR: 💥 Uncaught Exception: spawn EFTYPE
[2025-10-28T21:08:45.233Z] ERROR: ♻️ Restarting due to: Uncaught Exception
Time: 29/10/2025, 00:08:45
[2025-10-28T21:08:55.282Z] ERROR: 💥 Uncaught Exception: spawn EFTYPE
[2025-10-28T21:08:55.282Z] ERROR: ♻️ Restarting due to: Uncaught Exception
Time: 29/10/2025, 00:08:55
[2025-10-28T21:09:05.375Z] ERROR: 💥 Uncaught Exception: spawn EFTYPE
[2025-10-28T21:09:05.376Z] ERROR: ♻️ Restarting due to: Uncaught Exception
Time: 29/10/2025, 00:09:05
[2025-10-28T21:09:08.470Z] ERROR: ❌ Error sending IPN: timeout of 10000ms exceeded
[2025-10-28T21:09:15.413Z] ERROR: 💥 Uncaught Exception: spawn EFTYPE
[2025-10-28T21:09:15.413Z] ERROR: ♻️ Restarting due to: Uncaught Exception
Time: 29/10/2025, 00:09:15
[2025-10-28T21:09:25.684Z] ERROR: 💥 Uncaught Exception: spawn EFTYPE
[2025-10-28T21:09:25.685Z] ERROR: ♻️ Restarting due to: Uncaught Exception
Time: 29/10/2025, 00:09:25
[2025-10-28T21:09:35.722Z] ERROR: 💥 Uncaught Exception: spawn EFTYPE
[2025-10-28T21:09:35.722Z] ERROR: ♻️ Restarting due to: Uncaught Exception
Time: 29/10/2025, 00:09:35
[2025-10-28T21:09:45.749Z] ERROR: 💥 Uncaught Exception: spawn EFTYPE
[2025-10-28T21:09:45.749Z] ERROR: ♻️ Restarting due to: Uncaught Exception
Time: 29/10/2025, 00:09:45
[2025-10-28T21:09:55.765Z] ERROR: 💥 Uncaught Exception: spawn EFTYPE
[2025-10-28T21:09:55.765Z] ERROR: ♻️ Restarting due to: Uncaught Exception
Time: 29/10/2025, 00:09:55
[2025-10-28T21:10:05.858Z] ERROR: 💥 Uncaught Exception: spawn EFTYPE
[2025-10-28T21:10:05.858Z] ERROR: ♻️ Restarting due to: Uncaught Exception
Time: 29/10/2025, 00:10:05
[2025-10-28T21:10:15.886Z] ERROR: 💥 Uncaught Exception: spawn EFTYPE
[2025-10-28T21:10:15.886Z] ERROR: ♻️ Restarting due to: Uncaught Exception
Time: 29/10/2025, 00:10:15
[2025-10-28T21:10:25.912Z] ERROR: 💥 Uncaught Exception: spawn EFTYPE
[2025-10-28T21:10:25.913Z] ERROR: ♻️ Restarting due to: Uncaught Exception
Time: 29/10/2025, 00:10:25
[2025-10-28T21:10:35.972Z] ERROR: 💥 Uncaught Exception: spawn EFTYPE
[2025-10-28T21:10:35.973Z] ERROR: ♻️ Restarting due to: Uncaught Exception
Time: 29/10/2025, 00:10:35
[2025-10-28T21:10:45.999Z] ERROR: 💥 Uncaught Exception: spawn EFTYPE
[2025-10-28T21:10:45.999Z] ERROR: ♻️ Restarting due to: Uncaught Exception
Time: 29/10/2025, 00:10:45
[2025-10-28T21:10:56.015Z] ERROR: 💥 Uncaught Exception: spawn EFTYPE
[2025-10-28T21:10:56.015Z] ERROR: ♻️ Restarting due to: Uncaught Exception
Time: 29/10/2025, 00:10:56
[2025-10-28T21:11:06.042Z] ERROR: 💥 Uncaught Exception: spawn EFTYPE
[2025-10-28T21:11:06.042Z] ERROR: ♻️ Restarting due to: Uncaught Exception
Time: 29/10/2025, 00:11:06
[2025-10-28T21:11:16.091Z] ERROR: 💥 Uncaught Exception: spawn EFTYPE
[2025-10-28T21:11:16.091Z] ERROR: ♻️ Restarting due to: Uncaught Exception
Time: 29/10/2025, 00:11:16
[2025-10-28T21:11:26.151Z] ERROR: 💥 Uncaught Exception: spawn EFTYPE
[2025-10-28T21:11:26.152Z] ERROR: ♻️ Restarting due to: Uncaught Exception
Time: 29/10/2025, 00:11:26
[2025-10-28T21:11:36.211Z] ERROR: 💥 Uncaught Exception: spawn EFTYPE
[2025-10-28T21:11:36.211Z] ERROR: ♻️ Restarting due to: Uncaught Exception
Time: 29/10/2025, 00:11:36
[2025-10-28T21:11:46.271Z] ERROR: 💥 Uncaught Exception: spawn EFTYPE
[2025-10-28T21:11:46.272Z] ERROR: ♻️ Restarting due to: Uncaught Exception
Time: 29/10/2025, 00:11:46
[2025-10-28T21:11:56.298Z] ERROR: 💥 Uncaught Exception: spawn EFTYPE
[2025-10-28T21:11:56.298Z] ERROR: ♻️ Restarting due to: Uncaught Exception
Time: 29/10/2025, 00:11:56
[2025-10-28T21:12:06.359Z] ERROR: 💥 Uncaught Exception: spawn EFTYPE
[2025-10-28T21:12:06.359Z] ERROR: ♻️ Restarting due to: Uncaught Exception
Time: 29/10/2025, 00:12:06
[2025-10-28T21:12:16.375Z] ERROR: 💥 Uncaught Exception: spawn EFTYPE
[2025-10-28T21:12:16.375Z] ERROR: ♻️ Restarting due to: Uncaught Exception
Time: 29/10/2025, 00:12:16
[2025-10-28T21:12:26.401Z] ERROR: 💥 Uncaught Exception: spawn EFTYPE
[2025-10-28T21:12:26.402Z] ERROR: ♻️ Restarting due to: Uncaught Exception
Time: 29/10/2025, 00:12:26
[2025-10-28T21:12:36.461Z] ERROR: 💥 Uncaught Exception: spawn EFTYPE
[2025-10-28T21:12:36.462Z] ERROR: ♻️ Restarting due to: Uncaught Exception
Time: 29/10/2025, 00:12:36
[2025-10-28T21:12:38.479Z] ERROR: ❌ Error sending IPN: timeout of 10000ms exceeded
[2025-10-28T21:12:46.510Z] ERROR: 💥 Uncaught Exception: spawn EFTYPE
[2025-10-28T21:12:46.511Z] ERROR: ♻️ Restarting due to: Uncaught Exception
Time: 29/10/2025, 00:12:46
[2025-10-28T21:12:56.571Z] ERROR: 💥 Uncaught Exception: spawn EFTYPE
[2025-10-28T21:12:56.571Z] ERROR: ♻️ Restarting due to: Uncaught Exception
Time: 29/10/2025, 00:12:56
[2025-10-28T21:13:06.598Z] ERROR: 💥 Uncaught Exception: spawn EFTYPE
[2025-10-28T21:13:06.598Z] ERROR: ♻️ Restarting due to: Uncaught Exception
Time: 29/10/2025, 00:13:06
[2025-10-28T21:13:16.658Z] ERROR: 💥 Uncaught Exception: spawn EFTYPE
[2025-10-28T21:13:16.658Z] ERROR: ♻️ Restarting due to: Uncaught Exception
Time: 29/10/2025, 00:13:16
[2025-10-28T21:13:26.718Z] ERROR: 💥 Uncaught Exception: spawn EFTYPE
[2025-10-28T21:13:26.719Z] ERROR: ♻️ Restarting due to: Uncaught Exception
Time: 29/10/2025, 00:13:26
[2025-10-28T21:13:36.745Z] ERROR: 💥 Uncaught Exception: spawn EFTYPE
[2025-10-28T21:13:36.745Z] ERROR: ♻️ Restarting due to: Uncaught Exception
Time: 29/10/2025, 00:13:36
[2025-10-28T21:13:38.536Z] ERROR: ❌ Error sending IPN: timeout of 10000ms exceeded
[2025-10-28T21:13:46.761Z] ERROR: 💥 Uncaught Exception: spawn EFTYPE
[2025-10-28T21:13:46.761Z] ERROR: ♻️ Restarting due to: Uncaught Exception
Time: 29/10/2025, 00:13:46
[2025-10-28T21:13:56.810Z] ERROR: 💥 Uncaught Exception: spawn EFTYPE
[2025-10-28T21:13:56.810Z] ERROR: ♻️ Restarting due to: Uncaught Exception
Time: 29/10/2025, 00:13:56
[2025-10-28T21:14:06.870Z] ERROR: 💥 Uncaught Exception: spawn EFTYPE
[2025-10-28T21:14:06.871Z] ERROR: ♻️ Restarting due to: Uncaught Exception
Time: 29/10/2025, 00:14:06
[2025-10-28T21:14:08.541Z] ERROR: ❌ Error sending IPN: timeout of 10000ms exceeded
[2025-10-28T21:14:16.886Z] ERROR: 💥 Uncaught Exception: spawn EFTYPE
[2025-10-28T21:14:16.886Z] ERROR: ♻️ Restarting due to: Uncaught Exception
Time: 29/10/2025, 00:14:16
[2025-10-28T21:14:26.913Z] ERROR: 💥 Uncaught Exception: spawn EFTYPE
[2025-10-28T21:14:26.913Z] ERROR: ♻️ Restarting due to: Uncaught Exception
Time: 29/10/2025, 00:14:26
[2025-10-28T21:14:36.929Z] ERROR: 💥 Uncaught Exception: spawn EFTYPE
[2025-10-28T21:14:36.929Z] ERROR: ♻️ Restarting due to: Uncaught Exception
Time: 29/10/2025, 00:14:36
[2025-10-28T21:14:38.542Z] ERROR: ❌ Error sending IPN: timeout of 10000ms exceeded
[2025-10-28T21:14:46.956Z] ERROR: 💥 Uncaught Exception: spawn EFTYPE
[2025-10-28T21:14:46.956Z] ERROR: ♻️ Restarting due to: Uncaught Exception
Time: 29/10/2025, 00:14:46
[2025-10-28T21:14:56.982Z] ERROR: 💥 Uncaught Exception: spawn EFTYPE
[2025-10-28T21:14:56.982Z] ERROR: ♻️ Restarting due to: Uncaught Exception
Time: 29/10/2025, 00:14:56
[2025-10-28T21:15:07.020Z] ERROR: 💥 Uncaught Exception: spawn EFTYPE
[2025-10-28T21:15:07.021Z] ERROR: ♻️ Restarting due to: Uncaught Exception
Time: 29/10/2025, 00:15:07
[2025-10-28T21:15:17.036Z] ERROR: 💥 Uncaught Exception: spawn EFTYPE
[2025-10-28T21:15:17.036Z] ERROR: ♻️ Restarting due to: Uncaught Exception
Time: 29/10/2025, 00:15:17
[2025-10-28T21:15:27.107Z] ERROR: 💥 Uncaught Exception: spawn EFTYPE
[2025-10-28T21:15:27.108Z] ERROR: ♻️ Restarting due to: Uncaught Exception
Time: 29/10/2025, 00:15:27
[2025-10-28T21:15:37.123Z] ERROR: 💥 Uncaught Exception: spawn EFTYPE
[2025-10-28T21:15:37.123Z] ERROR: ♻️ Restarting due to: Uncaught Exception
Time: 29/10/2025, 00:15:37
[2025-10-28T21:15:47.183Z] ERROR: 💥 Uncaught Exception: spawn EFTYPE
[2025-10-28T21:15:47.183Z] ERROR: ♻️ Restarting due to: Uncaught Exception
Time: 29/10/2025, 00:15:47
[2025-10-28T21:15:57.243Z] ERROR: 💥 Uncaught Exception: spawn EFTYPE
[2025-10-28T21:15:57.244Z] ERROR: ♻️ Restarting due to: Uncaught Exception
Time: 29/10/2025, 00:15:57
[2025-10-28T21:16:07.270Z] ERROR: 💥 Uncaught Exception: spawn EFTYPE
[2025-10-28T21:16:07.271Z] ERROR: ♻️ Restarting due to: Uncaught Exception
Time: 29/10/2025, 00:16:07
[2025-10-28T21:16:17.308Z] ERROR: 💥 Uncaught Exception: spawn EFTYPE
[2025-10-28T21:16:17.308Z] ERROR: ♻️ Restarting due to: Uncaught Exception
Time: 29/10/2025, 00:16:17
[2025-10-28T21:16:27.335Z] ERROR: 💥 Uncaught Exception: spawn EFTYPE
[2025-10-28T21:16:27.336Z] ERROR: ♻️ Restarting due to: Uncaught Exception
Time: 29/10/2025, 00:16:27
[2025-10-28T21:16:37.362Z] ERROR: 💥 Uncaught Exception: spawn EFTYPE
[2025-10-28T21:16:37.362Z] ERROR: ♻️ Restarting due to: Uncaught Exception
Time: 29/10/2025, 00:16:37
[2025-10-28T21:16:47.378Z] ERROR: 💥 Uncaught Exception: spawn EFTYPE
[2025-10-28T21:16:47.378Z] ERROR: ♻️ Restarting due to: Uncaught Exception
Time: 29/10/2025, 00:16:47
[2025-10-28T21:16:57.405Z] ERROR: 💥 Uncaught Exception: spawn EFTYPE
[2025-10-28T21:16:57.405Z] ERROR: ♻️ Restarting due to: Uncaught Exception
Time: 29/10/2025, 00:16:57
[2025-10-28T21:17:07.487Z] ERROR: 💥 Uncaught Exception: spawn EFTYPE
[2025-10-28T21:17:07.487Z] ERROR: ♻️ Restarting due to: Uncaught Exception
Time: 29/10/2025, 00:17:07
[2025-10-28T21:17:08.558Z] ERROR: ❌ Error sending IPN: timeout of 10000ms exceeded
[2025-10-28T21:17:17.514Z] ERROR: 💥 Uncaught Exception: spawn EFTYPE
[2025-10-28T21:17:17.515Z] ERROR: ♻️ Restarting due to: Uncaught Exception
Time: 29/10/2025, 00:17:17
[2025-10-28T21:17:27.597Z] ERROR: 💥 Uncaught Exception: spawn EFTYPE
[2025-10-28T21:17:27.597Z] ERROR: ♻️ Restarting due to: Uncaught Exception
Time: 29/10/2025, 00:17:27
[2025-10-28T21:17:37.623Z] ERROR: 💥 Uncaught Exception: spawn EFTYPE
[2025-10-28T21:17:37.623Z] ERROR: ♻️ Restarting due to: Uncaught Exception
Time: 29/10/2025, 00:17:37
[2025-10-28T21:17:38.559Z] ERROR: ❌ Error sending IPN: timeout of 10000ms exceeded
[2025-10-28T21:17:47.672Z] ERROR: 💥 Uncaught Exception: spawn EFTYPE
[2025-10-28T21:17:47.672Z] ERROR: ♻️ Restarting due to: Uncaught Exception
Time: 29/10/2025, 00:17:47
[2025-10-28T21:17:57.732Z] ERROR: 💥 Uncaught Exception: spawn EFTYPE
[2025-10-28T21:17:57.732Z] ERROR: ♻️ Restarting due to: Uncaught Exception
Time: 29/10/2025, 00:17:57
[2025-10-28T21:18:07.848Z] ERROR: 💥 Uncaught Exception: spawn EFTYPE
[2025-10-28T21:18:07.848Z] ERROR: ♻️ Restarting due to: Uncaught Exception
Time: 29/10/2025, 00:18:07
[2025-10-28T21:18:08.559Z] ERROR: ❌ Error sending IPN: timeout of 10000ms exceeded
[2025-10-28T21:18:17.909Z] ERROR: 💥 Uncaught Exception: spawn EFTYPE
[2025-10-28T21:18:17.909Z] ERROR: ♻️ Restarting due to: Uncaught Exception
Time: 29/10/2025, 00:18:17
[2025-10-28T21:18:27.935Z] ERROR: 💥 Uncaught Exception: spawn EFTYPE
[2025-10-28T21:18:27.935Z] ERROR: ♻️ Restarting due to: Uncaught Exception
Time: 29/10/2025, 00:18:27
[2025-10-28T21:18:37.962Z] ERROR: 💥 Uncaught Exception: spawn EFTYPE
[2025-10-28T21:18:37.962Z] ERROR: ♻️ Restarting due to: Uncaught Exception
Time: 29/10/2025, 00:18:37
[2025-10-28T21:18:48.045Z] ERROR: 💥 Uncaught Exception: spawn EFTYPE
[2025-10-28T21:18:48.045Z] ERROR: ♻️ Restarting due to: Uncaught Exception
Time: 29/10/2025, 00:18:48
[2025-10-28T21:18:58.116Z] ERROR: 💥 Uncaught Exception: spawn EFTYPE
[2025-10-28T21:18:58.116Z] ERROR: ♻️ Restarting due to: Uncaught Exception
Time: 29/10/2025, 00:18:58
[2025-10-28T21:19:08.187Z] ERROR: 💥 Uncaught Exception: spawn EFTYPE
[2025-10-28T21:19:08.187Z] ERROR: ♻️ Restarting due to: Uncaught Exception
Time: 29/10/2025, 00:19:08
[2025-10-28T21:19:08.574Z] ERROR: ❌ Error sending IPN: timeout of 10000ms exceeded
[2025-10-28T21:19:18.214Z] ERROR: 💥 Uncaught Exception: spawn EFTYPE
[2025-10-28T21:19:18.214Z] ERROR: ♻️ Restarting due to: Uncaught Exception
Time: 29/10/2025, 00:19:18
[2025-10-28T21:19:28.241Z] ERROR: 💥 Uncaught Exception: spawn EFTYPE
[2025-10-28T21:19:28.241Z] ERROR: ♻️ Restarting due to: Uncaught Exception
Time: 29/10/2025, 00:19:28
[2025-10-28T21:19:38.312Z] ERROR: 💥 Uncaught Exception: spawn EFTYPE
[2025-10-28T21:19:38.312Z] ERROR: ♻️ Restarting due to: Uncaught Exception
Time: 29/10/2025, 00:19:38
[2025-10-28T21:19:38.590Z] ERROR: ❌ Error sending IPN: timeout of 10000ms exceeded
[2025-10-28T21:19:48.339Z] ERROR: 💥 Uncaught Exception: spawn EFTYPE
[2025-10-28T21:19:48.339Z] ERROR: ♻️ Restarting due to: Uncaught Exception
Time: 29/10/2025, 00:19:48
[2025-10-28T21:19:58.410Z] ERROR: 💥 Uncaught Exception: spawn EFTYPE
[2025-10-28T21:19:58.411Z] ERROR: ♻️ Restarting due to: Uncaught Exception
Time: 29/10/2025, 00:19:58
[2025-10-28T21:20:08.426Z] ERROR: 💥 Uncaught Exception: spawn EFTYPE
[2025-10-28T21:20:08.426Z] ERROR: ♻️ Restarting due to: Uncaught Exception
Time: 29/10/2025, 00:20:08
[2025-10-28T21:20:08.580Z] ERROR: ❌ Error sending IPN: timeout of 10000ms exceeded
[2025-10-28T21:20:18.486Z] ERROR: 💥 Uncaught Exception: spawn EFTYPE
[2025-10-28T21:20:18.487Z] ERROR: ♻️ Restarting due to: Uncaught Exception
Time: 29/10/2025, 00:20:18
[2025-10-28T21:20:28.525Z] ERROR: 💥 Uncaught Exception: spawn EFTYPE
[2025-10-28T21:20:28.525Z] ERROR: ♻️ Restarting due to: Uncaught Exception
Time: 29/10/2025, 00:20:28
[2025-10-28T21:20:38.563Z] ERROR: 💥 Uncaught Exception: spawn EFTYPE
[2025-10-28T21:20:38.563Z] ERROR: ♻️ Restarting due to: Uncaught Exception
Time: 29/10/2025, 00:20:38
[2025-10-28T21:20:48.656Z] ERROR: 💥 Uncaught Exception: spawn EFTYPE
[2025-10-28T21:20:48.656Z] ERROR: ♻️ Restarting due to: Uncaught Exception
Time: 29/10/2025, 00:20:48
[2025-10-28T21:20:58.683Z] ERROR: 💥 Uncaught Exception: spawn EFTYPE
[2025-10-28T21:20:58.683Z] ERROR: ♻️ Restarting due to: Uncaught Exception
Time: 29/10/2025, 00:20:58
[2025-10-28T21:21:08.743Z] ERROR: 💥 Uncaught Exception: spawn EFTYPE
[2025-10-28T21:21:08.743Z] ERROR: ♻️ Restarting due to: Uncaught Exception
Time: 29/10/2025, 00:21:08
[2025-10-28T21:21:18.814Z] ERROR: 💥 Uncaught Exception: spawn EFTYPE
[2025-10-28T21:21:18.814Z] ERROR: ♻️ Restarting due to: Uncaught Exception
Time: 29/10/2025, 00:21:18
[2025-10-28T21:21:28.886Z] ERROR: 💥 Uncaught Exception: spawn EFTYPE
[2025-10-28T21:21:28.886Z] ERROR: ♻️ Restarting due to: Uncaught Exception
Time: 29/10/2025, 00:21:28
[2025-10-28T21:21:38.935Z] ERROR: 💥 Uncaught Exception: spawn EFTYPE
[2025-10-28T21:21:38.935Z] ERROR: ♻️ Restarting due to: Uncaught Exception
Time: 29/10/2025, 00:21:38
[2025-10-28T21:21:49.017Z] ERROR: 💥 Uncaught Exception: spawn EFTYPE
[2025-10-28T21:21:49.018Z] ERROR: ♻️ Restarting due to: Uncaught Exception
Time: 29/10/2025, 00:21:49
[2025-10-28T21:21:59.089Z] ERROR: 💥 Uncaught Exception: spawn EFTYPE
[2025-10-28T21:21:59.090Z] ERROR: ♻️ Restarting due to: Uncaught Exception
Time: 29/10/2025, 00:21:59
[2025-10-28T21:22:08.590Z] ERROR: ❌ Error sending IPN: timeout of 10000ms exceeded
[2025-10-28T21:22:09.127Z] ERROR: 💥 Uncaught Exception: spawn EFTYPE
[2025-10-28T21:22:09.128Z] ERROR: ♻️ Restarting due to: Uncaught Exception
Time: 29/10/2025, 00:22:09
[2025-10-28T21:22:19.198Z] ERROR: 💥 Uncaught Exception: spawn EFTYPE
[2025-10-28T21:22:19.198Z] ERROR: ♻️ Restarting due to: Uncaught Exception
Time: 29/10/2025, 00:22:19
[2025-10-28T21:22:29.224Z] ERROR: 💥 Uncaught Exception: spawn EFTYPE
[2025-10-28T21:22:29.224Z] ERROR: ♻️ Restarting due to: Uncaught Exception
Time: 29/10/2025, 00:22:29
[2025-10-28T21:22:38.602Z] ERROR: ❌ Error sending IPN: timeout of 10000ms exceeded
[2025-10-28T21:22:39.273Z] ERROR: 💥 Uncaught Exception: spawn EFTYPE
[2025-10-28T21:22:39.274Z] ERROR: ♻️ Restarting due to: Uncaught Exception
Time: 29/10/2025, 00:22:39
[2025-10-28T21:22:49.356Z] ERROR: 💥 Uncaught Exception: spawn EFTYPE
[2025-10-28T21:22:49.356Z] ERROR: ♻️ Restarting due to: Uncaught Exception
Time: 29/10/2025, 00:22:49
[2025-10-28T21:22:59.438Z] ERROR: 💥 Uncaught Exception: spawn EFTYPE
[2025-10-28T21:22:59.438Z] ERROR: ♻️ Restarting due to: Uncaught Exception
Time: 29/10/2025, 00:22:59
[2025-10-28T21:23:08.608Z] ERROR: ❌ Error sending IPN: timeout of 10000ms exceeded
[2025-10-28T21:23:09.499Z] ERROR: 💥 Uncaught Exception: spawn EFTYPE
[2025-10-28T21:23:09.499Z] ERROR: ♻️ Restarting due to: Uncaught Exception
Time: 29/10/2025, 00:23:09
[2025-10-28T21:23:19.536Z] ERROR: 💥 Uncaught Exception: spawn EFTYPE
[2025-10-28T21:23:19.537Z] ERROR: ♻️ Restarting due to: Uncaught Exception
Time: 29/10/2025, 00:23:19
[2025-10-28T21:23:29.697Z] ERROR: 💥 Uncaught Exception: spawn EFTYPE
[2025-10-28T21:23:29.697Z] ERROR: ♻️ Restarting due to: Uncaught Exception
Time: 29/10/2025, 00:23:29
[2025-10-28T21:23:38.636Z] ERROR: ❌ Error sending IPN: timeout of 10000ms exceeded
[2025-10-28T21:23:39.734Z] ERROR: 💥 Uncaught Exception: spawn EFTYPE
[2025-10-28T21:23:39.734Z] ERROR: ♻️ Restarting due to: Uncaught Exception
Time: 29/10/2025, 00:23:39
[2025-10-28T21:23:49.761Z] ERROR: 💥 Uncaught Exception: spawn EFTYPE
[2025-10-28T21:23:49.762Z] ERROR: ♻️ Restarting due to: Uncaught Exception
Time: 29/10/2025, 00:23:49
[2025-10-28T21:23:59.788Z] ERROR: 💥 Uncaught Exception: spawn EFTYPE
[2025-10-28T21:23:59.788Z] ERROR: ♻️ Restarting due to: Uncaught Exception
Time: 29/10/2025, 00:23:59
[2025-10-28T21:24:08.635Z] ERROR: ❌ Error sending IPN: timeout of 10000ms exceeded
[2025-10-28T21:24:09.860Z] ERROR: 💥 Uncaught Exception: spawn EFTYPE
[2025-10-28T21:24:09.860Z] ERROR: ♻️ Restarting due to: Uncaught Exception
Time: 29/10/2025, 00:24:09
[2025-10-28T21:24:19.909Z] ERROR: 💥 Uncaught Exception: spawn EFTYPE
[2025-10-28T21:24:19.909Z] ERROR: ♻️ Restarting due to: Uncaught Exception
Time: 29/10/2025, 00:24:19
[2025-10-28T21:24:29.924Z] ERROR: 💥 Uncaught Exception: spawn EFTYPE
[2025-10-28T21:24:29.925Z] ERROR: ♻️ Restarting due to: Uncaught Exception
Time: 29/10/2025, 00:24:29
[2025-10-28T21:24:38.650Z] ERROR: ❌ Error sending IPN: timeout of 10000ms exceeded
[2025-10-28T21:24:40.018Z] ERROR: 💥 Uncaught Exception: spawn EFTYPE
[2025-10-28T21:24:40.018Z] ERROR: ♻️ Restarting due to: Uncaught Exception
Time: 29/10/2025, 00:24:40
[2025-10-28T21:24:50.067Z] ERROR: 💥 Uncaught Exception: spawn EFTYPE
[2025-10-28T21:24:50.067Z] ERROR: ♻️ Restarting due to: Uncaught Exception
Time: 29/10/2025, 00:24:50
[2025-10-28T21:25:00.127Z] ERROR: 💥 Uncaught Exception: spawn EFTYPE
[2025-10-28T21:25:00.127Z] ERROR: ♻️ Restarting due to: Uncaught Exception
Time: 29/10/2025, 00:25:00
[2025-10-28T21:25:08.651Z] ERROR: ❌ Error sending IPN: timeout of 10000ms exceeded
[2025-10-28T21:25:10.199Z] ERROR: 💥 Uncaught Exception: spawn EFTYPE
[2025-10-28T21:25:10.200Z] ERROR: ♻️ Restarting due to: Uncaught Exception
Time: 29/10/2025, 00:25:10
[2025-10-28T21:25:20.237Z] ERROR: 💥 Uncaught Exception: spawn EFTYPE
[2025-10-28T21:25:20.237Z] ERROR: ♻️ Restarting due to: Uncaught Exception
Time: 29/10/2025, 00:25:20
[2025-10-28T21:25:30.296Z] ERROR: 💥 Uncaught Exception: spawn EFTYPE
[2025-10-28T21:25:30.297Z] ERROR: ♻️ Restarting due to: Uncaught Exception
Time: 29/10/2025, 00:25:30
[2025-10-28T21:25:40.323Z] ERROR: 💥 Uncaught Exception: spawn EFTYPE
[2025-10-28T21:25:40.324Z] ERROR: ♻️ Restarting due to: Uncaught Exception
Time: 29/10/2025, 00:25:40
[2025-10-28T21:25:50.406Z] ERROR: 💥 Uncaught Exception: spawn EFTYPE
[2025-10-28T21:25:50.406Z] ERROR: ♻️ Restarting due to: Uncaught Exception
Time: 29/10/2025, 00:25:50
[2025-10-28T21:26:00.466Z] ERROR: 💥 Uncaught Exception: spawn EFTYPE
[2025-10-28T21:26:00.467Z] ERROR: ♻️ Restarting due to: Uncaught Exception
Time: 29/10/2025, 00:26:00
[2025-10-28T21:26:08.655Z] ERROR: ❌ Error sending IPN: timeout of 10000ms exceeded
[2025-10-28T21:26:10.482Z] ERROR: 💥 Uncaught Exception: spawn EFTYPE
[2025-10-28T21:26:10.482Z] ERROR: ♻️ Restarting due to: Uncaught Exception
Time: 29/10/2025, 00:26:10
[2025-10-28T21:26:20.531Z] ERROR: 💥 Uncaught Exception: spawn EFTYPE
[2025-10-28T21:26:20.531Z] ERROR: ♻️ Restarting due to: Uncaught Exception
Time: 29/10/2025, 00:26:20
[2025-10-28T21:26:30.569Z] ERROR: 💥 Uncaught Exception: spawn EFTYPE
[2025-10-28T21:26:30.569Z] ERROR: ♻️ Restarting due to: Uncaught Exception
Time: 29/10/2025, 00:26:30
[2025-10-28T21:26:38.670Z] ERROR: ❌ Error sending IPN: timeout of 10000ms exceeded
[2025-10-28T21:26:40.585Z] ERROR: 💥 Uncaught Exception: spawn EFTYPE
[2025-10-28T21:26:40.585Z] ERROR: ♻️ Restarting due to: Uncaught Exception
Time: 29/10/2025, 00:26:40
[2025-10-28T21:26:50.645Z] ERROR: 💥 Uncaught Exception: spawn EFTYPE
[2025-10-28T21:26:50.645Z] ERROR: ♻️ Restarting due to: Uncaught Exception
Time: 29/10/2025, 00:26:50
[2025-10-28T21:27:00.683Z] ERROR: 💥 Uncaught Exception: spawn EFTYPE
[2025-10-28T21:27:00.683Z] ERROR: ♻️ Restarting due to: Uncaught Exception
Time: 29/10/2025, 00:27:00
[2025-10-28T21:27:10.698Z] ERROR: 💥 Uncaught Exception: spawn EFTYPE
[2025-10-28T21:27:10.699Z] ERROR: ♻️ Restarting due to: Uncaught Exception
Time: 29/10/2025, 00:27:10
[2025-10-28T21:27:20.770Z] ERROR: 💥 Uncaught Exception: spawn EFTYPE
[2025-10-28T21:27:20.770Z] ERROR: ♻️ Restarting due to: Uncaught Exception
Time: 29/10/2025, 00:27:20
[2025-10-28T21:27:30.830Z] ERROR: 💥 Uncaught Exception: spawn EFTYPE
[2025-10-28T21:27:30.830Z] ERROR: ♻️ Restarting due to: Uncaught Exception
Time: 29/10/2025, 00:27:30
[2025-10-28T21:27:40.868Z] ERROR: 💥 Uncaught Exception: spawn EFTYPE
[2025-10-28T21:27:40.868Z] ERROR: ♻️ Restarting due to: Uncaught Exception
Time: 29/10/2025, 00:27:40
[2025-10-28T21:27:50.906Z] ERROR: 💥 Uncaught Exception: spawn EFTYPE
[2025-10-28T21:27:50.906Z] ERROR: ♻️ Restarting due to: Uncaught Exception
Time: 29/10/2025, 00:27:50
[2025-10-28T21:28:00.933Z] ERROR: 💥 Uncaught Exception: spawn EFTYPE
[2025-10-28T21:28:00.933Z] ERROR: ♻️ Restarting due to: Uncaught Exception
Time: 29/10/2025, 00:28:00
[2025-10-28T21:28:10.960Z] ERROR: 💥 Uncaught Exception: spawn EFTYPE
[2025-10-28T21:28:10.960Z] ERROR: ♻️ Restarting due to: Uncaught Exception
Time: 29/10/2025, 00:28:10
[2025-10-28T21:28:20.998Z] ERROR: 💥 Uncaught Exception: spawn EFTYPE
[2025-10-28T21:28:20.998Z] ERROR: ♻️ Restarting due to: Uncaught Exception
Time: 29/10/2025, 00:28:20
[2025-10-28T21:28:31.029Z] ERROR: 💥 Uncaught Exception: spawn EFTYPE
[2025-10-28T21:28:31.029Z] ERROR: ♻️ Restarting due to: Uncaught Exception
Time: 29/10/2025, 00:28:31
[2025-10-28T21:28:38.670Z] ERROR: ❌ Error sending IPN: timeout of 10000ms exceeded
[2025-10-28T21:28:41.063Z] ERROR: 💥 Uncaught Exception: spawn EFTYPE
[2025-10-28T21:28:41.063Z] ERROR: ♻️ Restarting due to: Uncaught Exception
Time: 29/10/2025, 00:28:41
[2025-10-28T21:28:51.134Z] ERROR: 💥 Uncaught Exception: spawn EFTYPE
[2025-10-28T21:28:51.135Z] ERROR: ♻️ Restarting due to: Uncaught Exception
Time: 29/10/2025, 00:28:51
[2025-10-28T21:29:01.161Z] ERROR: 💥 Uncaught Exception: spawn EFTYPE
[2025-10-28T21:29:01.161Z] ERROR: ♻️ Restarting due to: Uncaught Exception
Time: 29/10/2025, 00:29:01
[2025-10-28T21:29:08.692Z] ERROR: ❌ Error sending IPN: timeout of 10000ms exceeded
[2025-10-28T21:29:11.177Z] ERROR: 💥 Uncaught Exception: spawn EFTYPE
[2025-10-28T21:29:11.177Z] ERROR: ♻️ Restarting due to: Uncaught Exception
Time: 29/10/2025, 00:29:11
[2025-10-28T21:29:21.215Z] ERROR: 💥 Uncaught Exception: spawn EFTYPE
[2025-10-28T21:29:21.215Z] ERROR: ♻️ Restarting due to: Uncaught Exception
Time: 29/10/2025, 00:29:21
[2025-10-28T21:29:31.253Z] ERROR: 💥 Uncaught Exception: spawn EFTYPE
[2025-10-28T21:29:31.253Z] ERROR: ♻️ Restarting due to: Uncaught Exception
Time: 29/10/2025, 00:29:31
[2025-10-28T21:29:41.324Z] ERROR: 💥 Uncaught Exception: spawn EFTYPE
[2025-10-28T21:29:41.324Z] ERROR: ♻️ Restarting due to: Uncaught Exception
Time: 29/10/2025, 00:29:41
[2025-10-28T21:29:51.340Z] ERROR: 💥 Uncaught Exception: spawn EFTYPE
[2025-10-28T21:29:51.340Z] ERROR: ♻️ Restarting due to: Uncaught Exception
Time: 29/10/2025, 00:29:51
[2025-10-28T21:30:01.367Z] ERROR: 💥 Uncaught Exception: spawn EFTYPE
[2025-10-28T21:30:01.368Z] ERROR: ♻️ Restarting due to: Uncaught Exception
Time: 29/10/2025, 00:30:01
[2025-10-28T21:30:11.382Z] ERROR: 💥 Uncaught Exception: spawn EFTYPE
[2025-10-28T21:30:11.382Z] ERROR: ♻️ Restarting due to: Uncaught Exception
Time: 29/10/2025, 00:30:11
[2025-10-28T21:30:21.442Z] ERROR: 💥 Uncaught Exception: spawn EFTYPE
[2025-10-28T21:30:21.443Z] ERROR: ♻️ Restarting due to: Uncaught Exception
Time: 29/10/2025, 00:30:21
[2025-10-28T21:30:31.503Z] ERROR: 💥 Uncaught Exception: spawn EFTYPE
[2025-10-28T21:30:31.503Z] ERROR: ♻️ Restarting due to: Uncaught Exception
Time: 29/10/2025, 00:30:31
[2025-10-28T21:30:41.529Z] ERROR: 💥 Uncaught Exception: spawn EFTYPE
[2025-10-28T21:30:41.530Z] ERROR: ♻️ Restarting due to: Uncaught Exception
Time: 29/10/2025, 00:30:41
[2025-10-28T21:30:51.545Z] ERROR: 💥 Uncaught Exception: spawn EFTYPE
[2025-10-28T21:30:51.545Z] ERROR: ♻️ Restarting due to: Uncaught Exception
Time: 29/10/2025, 00:30:51
[2025-10-28T21:31:01.594Z] ERROR: 💥 Uncaught Exception: spawn EFTYPE
[2025-10-28T21:31:01.594Z] ERROR: ♻️ Restarting due to: Uncaught Exception
Time: 29/10/2025, 00:31:01
[2025-10-28T21:31:08.674Z] ERROR: ❌ Error sending IPN: timeout of 10000ms exceeded
[2025-10-28T21:31:11.666Z] ERROR: 💥 Uncaught Exception: spawn EFTYPE
[2025-10-28T21:31:11.666Z] ERROR: ♻️ Restarting due to: Uncaught Exception
Time: 29/10/2025, 00:31:11
[2025-10-28T21:31:21.693Z] ERROR: 💥 Uncaught Exception: spawn EFTYPE
[2025-10-28T21:31:21.693Z] ERROR: ♻️ Restarting due to: Uncaught Exception
Time: 29/10/2025, 00:31:21
[2025-10-28T21:31:31.753Z] ERROR: 💥 Uncaught Exception: spawn EFTYPE
[2025-10-28T21:31:31.753Z] ERROR: ♻️ Restarting due to: Uncaught Exception
Time: 29/10/2025, 00:31:31
[2025-10-28T21:31:41.780Z] ERROR: 💥 Uncaught Exception: spawn EFTYPE
[2025-10-28T21:31:41.780Z] ERROR: ♻️ Restarting due to: Uncaught Exception
Time: 29/10/2025, 00:31:41
[2025-10-28T21:31:51.962Z] ERROR: 💥 Uncaught Exception: spawn EFTYPE
[2025-10-28T21:31:51.962Z] ERROR: ♻️ Restarting due to: Uncaught Exception
Time: 29/10/2025, 00:31:51
[2025-10-28T21:32:02.022Z] ERROR: 💥 Uncaught Exception: spawn EFTYPE
[2025-10-28T21:32:02.023Z] ERROR: ♻️ Restarting due to: Uncaught Exception
Time: 29/10/2025, 00:32:02
[2025-10-28T21:32:12.060Z] ERROR: 💥 Uncaught Exception: spawn EFTYPE
[2025-10-28T21:32:12.060Z] ERROR: ♻️ Restarting due to: Uncaught Exception
Time: 29/10/2025, 00:32:12
[2025-10-28T21:32:22.120Z] ERROR: 💥 Uncaught Exception: spawn EFTYPE
[2025-10-28T21:32:22.121Z] ERROR: ♻️ Restarting due to: Uncaught Exception
Time: 29/10/2025, 00:32:22
[2025-10-28T21:32:32.136Z] ERROR: 💥 Uncaught Exception: spawn EFTYPE
[2025-10-28T21:32:32.136Z] ERROR: ♻️ Restarting due to: Uncaught Exception
Time: 29/10/2025, 00:32:32
[2025-10-28T21:32:38.683Z] ERROR: ❌ Error sending IPN: timeout of 10000ms exceeded
[2025-10-28T21:32:42.207Z] ERROR: 💥 Uncaught Exception: spawn EFTYPE
[2025-10-28T21:32:42.207Z] ERROR: ♻️ Restarting due to: Uncaught Exception
Time: 29/10/2025, 00:32:42
[2025-10-28T21:32:52.279Z] ERROR: 💥 Uncaught Exception: spawn EFTYPE
[2025-10-28T21:32:52.279Z] ERROR: ♻️ Restarting due to: Uncaught Exception
Time: 29/10/2025, 00:32:52
[2025-10-28T21:33:02.350Z] ERROR: 💥 Uncaught Exception: spawn EFTYPE
[2025-10-28T21:33:02.351Z] ERROR: ♻️ Restarting due to: Uncaught Exception
Time: 29/10/2025, 00:33:02
[2025-10-28T21:33:08.699Z] ERROR: ❌ Error sending IPN: timeout of 10000ms exceeded
[2025-10-28T21:33:12.399Z] ERROR: 💥 Uncaught Exception: spawn EFTYPE
[2025-10-28T21:33:12.400Z] ERROR: ♻️ Restarting due to: Uncaught Exception
Time: 29/10/2025, 00:33:12
[2025-10-28T21:33:22.449Z] ERROR: 💥 Uncaught Exception: spawn EFTYPE
[2025-10-28T21:33:22.449Z] ERROR: ♻️ Restarting due to: Uncaught Exception
Time: 29/10/2025, 00:33:22
[2025-10-28T21:33:32.475Z] ERROR: 💥 Uncaught Exception: spawn EFTYPE
[2025-10-28T21:33:32.475Z] ERROR: ♻️ Restarting due to: Uncaught Exception
Time: 29/10/2025, 00:33:32
[2025-10-28T21:33:38.698Z] ERROR: ❌ Error sending IPN: timeout of 10000ms exceeded
[2025-10-28T21:33:42.535Z] ERROR: 💥 Uncaught Exception: spawn EFTYPE
[2025-10-28T21:33:42.536Z] ERROR: ♻️ Restarting due to: Uncaught Exception
Time: 29/10/2025, 00:33:42
[2025-10-28T21:33:52.584Z] ERROR: 💥 Uncaught Exception: spawn EFTYPE
[2025-10-28T21:33:52.585Z] ERROR: ♻️ Restarting due to: Uncaught Exception
Time: 29/10/2025, 00:33:52
[2025-10-28T21:34:02.611Z] ERROR: 💥 Uncaught Exception: spawn EFTYPE
[2025-10-28T21:34:02.612Z] ERROR: ♻️ Restarting due to: Uncaught Exception
Time: 29/10/2025, 00:34:02
[2025-10-28T21:34:12.683Z] ERROR: 💥 Uncaught Exception: spawn EFTYPE
[2025-10-28T21:34:12.683Z] ERROR: ♻️ Restarting due to: Uncaught Exception
Time: 29/10/2025, 00:34:12
[2025-10-28T21:34:22.809Z] ERROR: 💥 Uncaught Exception: spawn EFTYPE
[2025-10-28T21:34:22.810Z] ERROR: ♻️ Restarting due to: Uncaught Exception
Time: 29/10/2025, 00:34:22
[2025-10-28T21:34:32.826Z] ERROR: 💥 Uncaught Exception: spawn EFTYPE
[2025-10-28T21:34:32.826Z] ERROR: ♻️ Restarting due to: Uncaught Exception
Time: 29/10/2025, 00:34:32
[2025-10-28T21:34:33.402Z] ERROR: ❌ Error sending IPN: socket hang up
[2025-10-28T21:34:42.897Z] ERROR: 💥 Uncaught Exception: spawn EFTYPE
[2025-10-28T21:34:42.897Z] ERROR: ♻️ Restarting due to: Uncaught Exception
Time: 29/10/2025, 00:34:42
[2025-10-28T21:34:52.957Z] ERROR: 💥 Uncaught Exception: spawn EFTYPE
[2025-10-28T21:34:52.957Z] ERROR: ♻️ Restarting due to: Uncaught Exception
Time: 29/10/2025, 00:34:52
[2025-10-28T21:35:03.028Z] ERROR: 💥 Uncaught Exception: spawn EFTYPE
[2025-10-28T21:35:03.028Z] ERROR: ♻️ Restarting due to: Uncaught Exception
Time: 29/10/2025, 00:35:03
[2025-10-28T21:35:08.715Z] ERROR: ❌ Error sending IPN: timeout of 10000ms exceeded
[2025-10-28T21:35:13.100Z] ERROR: 💥 Uncaught Exception: spawn EFTYPE
[2025-10-28T21:35:13.100Z] ERROR: ♻️ Restarting due to: Uncaught Exception
Time: 29/10/2025, 00:35:13
[2025-10-28T21:35:23.160Z] ERROR: 💥 Uncaught Exception: spawn EFTYPE
[2025-10-28T21:35:23.160Z] ERROR: ♻️ Restarting due to: Uncaught Exception
Time: 29/10/2025, 00:35:23
[2025-10-28T21:35:33.220Z] ERROR: 💥 Uncaught Exception: spawn EFTYPE
[2025-10-28T21:35:33.220Z] ERROR: ♻️ Restarting due to: Uncaught Exception
Time: 29/10/2025, 00:35:33
[2025-10-28T21:35:38.714Z] ERROR: ❌ Error sending IPN: timeout of 10000ms exceeded
[2025-10-28T21:35:43.280Z] ERROR: 💥 Uncaught Exception: spawn EFTYPE
[2025-10-28T21:35:43.280Z] ERROR: ♻️ Restarting due to: Uncaught Exception
Time: 29/10/2025, 00:35:43
[2025-10-28T21:35:53.363Z] ERROR: 💥 Uncaught Exception: spawn EFTYPE
[2025-10-28T21:35:53.363Z] ERROR: ♻️ Restarting due to: Uncaught Exception
Time: 29/10/2025, 00:35:53
[2025-10-28T21:36:03.434Z] ERROR: 💥 Uncaught Exception: spawn EFTYPE
[2025-10-28T21:36:03.434Z] ERROR: ♻️ Restarting due to: Uncaught Exception
Time: 29/10/2025, 00:36:03
[2025-10-28T21:36:13.494Z] ERROR: 💥 Uncaught Exception: spawn EFTYPE
[2025-10-28T21:36:13.494Z] ERROR: ♻️ Restarting due to: Uncaught Exception
Time: 29/10/2025, 00:36:13
[2025-10-28T21:36:23.521Z] ERROR: 💥 Uncaught Exception: spawn EFTYPE
[2025-10-28T21:36:23.521Z] ERROR: ♻️ Restarting due to: Uncaught Exception
Time: 29/10/2025, 00:36:23
[2025-10-28T21:36:33.592Z] ERROR: 💥 Uncaught Exception: spawn EFTYPE
[2025-10-28T21:36:33.593Z] ERROR: ♻️ Restarting due to: Uncaught Exception
Time: 29/10/2025, 00:36:33
[2025-10-28T21:36:38.734Z] ERROR: ❌ Error sending IPN: timeout of 10000ms exceeded
[2025-10-28T21:36:43.663Z] ERROR: 💥 Uncaught Exception: spawn EFTYPE
[2025-10-28T21:36:43.663Z] ERROR: ♻️ Restarting due to: Uncaught Exception
Time: 29/10/2025, 00:36:43
[2025-10-28T21:36:53.679Z] ERROR: 💥 Uncaught Exception: spawn EFTYPE
[2025-10-28T21:36:53.679Z] ERROR: ♻️ Restarting due to: Uncaught Exception
Time: 29/10/2025, 00:36:53
[2025-10-28T21:37:03.739Z] ERROR: 💥 Uncaught Exception: spawn EFTYPE
[2025-10-28T21:37:03.739Z] ERROR: ♻️ Restarting due to: Uncaught Exception
Time: 29/10/2025, 00:37:03
[2025-10-28T21:37:08.727Z] ERROR: ❌ Error sending IPN: timeout of 10000ms exceeded
[2025-10-28T21:37:13.810Z] ERROR: 💥 Uncaught Exception: spawn EFTYPE
[2025-10-28T21:37:13.810Z] ERROR: ♻️ Restarting due to: Uncaught Exception
Time: 29/10/2025, 00:37:13
[2025-10-28T21:37:23.859Z] ERROR: 💥 Uncaught Exception: spawn EFTYPE
[2025-10-28T21:37:23.860Z] ERROR: ♻️ Restarting due to: Uncaught Exception
Time: 29/10/2025, 00:37:23
[2025-10-28T21:37:33.886Z] ERROR: 💥 Uncaught Exception: spawn EFTYPE
[2025-10-28T21:37:33.886Z] ERROR: ♻️ Restarting due to: Uncaught Exception
Time: 29/10/2025, 00:37:33
[2025-10-28T21:37:38.729Z] ERROR: ❌ Error sending IPN: timeout of 10000ms exceeded
[2025-10-28T21:37:43.969Z] ERROR: 💥 Uncaught Exception: spawn EFTYPE
[2025-10-28T21:37:43.969Z] ERROR: ♻️ Restarting due to: Uncaught Exception
Time: 29/10/2025, 00:37:43
[2025-10-28T21:37:54.040Z] ERROR: 💥 Uncaught Exception: spawn EFTYPE
[2025-10-28T21:37:54.040Z] ERROR: ♻️ Restarting due to: Uncaught Exception
Time: 29/10/2025, 00:37:54
[2025-10-28T21:38:04.111Z] ERROR: 💥 Uncaught Exception: spawn EFTYPE
[2025-10-28T21:38:04.111Z] ERROR: ♻️ Restarting due to: Uncaught Exception
Time: 29/10/2025, 00:38:04
[2025-10-28T21:38:14.127Z] ERROR: 💥 Uncaught Exception: spawn EFTYPE
[2025-10-28T21:38:14.128Z] ERROR: ♻️ Restarting due to: Uncaught Exception
Time: 29/10/2025, 00:38:14
[2025-10-28T21:38:24.187Z] ERROR: 💥 Uncaught Exception: spawn EFTYPE
[2025-10-28T21:38:24.187Z] ERROR: ♻️ Restarting due to: Uncaught Exception
Time: 29/10/2025, 00:38:24
[2025-10-28T21:38:34.259Z] ERROR: 💥 Uncaught Exception: spawn EFTYPE
[2025-10-28T21:38:34.259Z] ERROR: ♻️ Restarting due to: Uncaught Exception
Time: 29/10/2025, 00:38:34
[2025-10-28T21:38:44.319Z] ERROR: 💥 Uncaught Exception: spawn EFTYPE
[2025-10-28T21:38:44.319Z] ERROR: ♻️ Restarting due to: Uncaught Exception
Time: 29/10/2025, 00:38:44
[2025-10-28T21:38:54.346Z] ERROR: 💥 Uncaught Exception: spawn EFTYPE
[2025-10-28T21:38:54.346Z] ERROR: ♻️ Restarting due to: Uncaught Exception
Time: 29/10/2025, 00:38:54
[2025-10-28T21:39:04.417Z] ERROR: 💥 Uncaught Exception: spawn EFTYPE
[2025-10-28T21:39:04.417Z] ERROR: ♻️ Restarting due to: Uncaught Exception
Time: 29/10/2025, 00:39:04
[2025-10-28T21:39:14.477Z] ERROR: 💥 Uncaught Exception: spawn EFTYPE
[2025-10-28T21:39:14.478Z] ERROR: ♻️ Restarting due to: Uncaught Exception
Time: 29/10/2025, 00:39:14
[2025-10-28T21:39:24.560Z] ERROR: 💥 Uncaught Exception: spawn EFTYPE
[2025-10-28T21:39:24.560Z] ERROR: ♻️ Restarting due to: Uncaught Exception
Time: 29/10/2025, 00:39:24
[2025-10-28T21:39:34.631Z] ERROR: 💥 Uncaught Exception: spawn EFTYPE
[2025-10-28T21:39:34.631Z] ERROR: ♻️ Restarting due to: Uncaught Exception
Time: 29/10/2025, 00:39:34
[2025-10-28T21:39:38.751Z] ERROR: ❌ Error sending IPN: timeout of 10000ms exceeded
[2025-10-28T21:39:44.703Z] ERROR: 💥 Uncaught Exception: spawn EFTYPE
[2025-10-28T21:39:44.703Z] ERROR: ♻️ Restarting due to: Uncaught Exception
Time: 29/10/2025, 00:39:44
[2025-10-28T21:39:54.763Z] ERROR: 💥 Uncaught Exception: spawn EFTYPE
[2025-10-28T21:39:54.763Z] ERROR: ♻️ Restarting due to: Uncaught Exception
Time: 29/10/2025, 00:39:54
[2025-10-28T21:40:04.800Z] ERROR: 💥 Uncaught Exception: spawn EFTYPE
[2025-10-28T21:40:04.801Z] ERROR: ♻️ Restarting due to: Uncaught Exception
Time: 29/10/2025, 00:40:04
[2025-10-28T21:40:14.860Z] ERROR: 💥 Uncaught Exception: spawn EFTYPE
[2025-10-28T21:40:14.860Z] ERROR: ♻️ Restarting due to: Uncaught Exception
Time: 29/10/2025, 00:40:14
[2025-10-28T21:40:24.887Z] ERROR: 💥 Uncaught Exception: spawn EFTYPE
[2025-10-28T21:40:24.888Z] ERROR: ♻️ Restarting due to: Uncaught Exception
Time: 29/10/2025, 00:40:24
[2025-10-28T21:40:34.958Z] ERROR: 💥 Uncaught Exception: spawn EFTYPE
[2025-10-28T21:40:34.959Z] ERROR: ♻️ Restarting due to: Uncaught Exception
Time: 29/10/2025, 00:40:34
[2025-10-28T22:58:18.455Z] ERROR: ❌ Error sending IPN: timeout of 10000ms exceeded
[2025-10-28T22:58:49.945Z] ERROR: ❌ Error sending IPN: "<!DOCTYPE html>\n<html class=\"h-full\" lang=\"en-US\" dir=\"ltr\">\n  <head>\n    <link rel=\"preload\" href=\"https://cdn.ngrok.com/static/fonts/euclid-square/EuclidSquare-Regular-WebS.woff\" as=\"font\" type=\"font/woff\" crossorigin=\"anonymous\" />\n    <link rel=\"preload\" href=\"https://cdn.ngrok.com/static/fonts/euclid-square/EuclidSquare-RegularItalic-WebS.woff\" as=\"font\" type=\"font/woff\" crossorigin=\"anonymous\" />\n    <link rel=\"preload\" href=\"https://cdn.ngrok.com/static/fonts/euclid-square/EuclidSquare-Medium-WebS.woff\" as=\"font\" type=\"font/woff\" crossorigin=\"anonymous\" />\n    <link rel=\"preload\" href=\"https://cdn.ngrok.com/static/fonts/euclid-square/EuclidSquare-Semibold-WebS.woff\" as=\"font\" type=\"font/woff\" crossorigin=\"anonymous\" />\n    <link rel=\"preload\" href=\"https://cdn.ngrok.com/static/fonts/euclid-square/EuclidSquare-MediumItalic-WebS.woff\" as=\"font\" type=\"font/woff\" crossorigin=\"anonymous\" />\n    <link rel=\"preload\" href=\"https://cdn.ngrok.com/static/fonts/ibm-plex-mono/IBMPlexMono-Text.woff\" as=\"font\" type=\"font/woff\" crossorigin=\"anonymous\" />\n    <link rel=\"preload\" href=\"https://cdn.ngrok.com/static/fonts/ibm-plex-mono/IBMPlexMono-TextItalic.woff\" as=\"font\" type=\"font/woff\" crossorigin=\"anonymous\" />\n    <link rel=\"preload\" href=\"https://cdn.ngrok.com/static/fonts/ibm-plex-mono/IBMPlexMono-SemiBold.woff\" as=\"font\" type=\"font/woff\" crossorigin=\"anonymous\" />\n    <link rel=\"preload\" href=\"https://cdn.ngrok.com/static/fonts/ibm-plex-mono/IBMPlexMono-SemiBoldItalic.woff\" as=\"font\" type=\"font/woff\" crossorigin=\"anonymous\" />\n    <meta charset=\"utf-8\">\n    <meta name=\"author\" content=\"ngrok\">\n    <meta name=\"description\" content=\"ngrok is the fastest way to put anything on the internet with a single command.\">\n    <meta name=\"robots\" content=\"noindex, nofollow\">\n    <meta name=\"viewport\" content=\"width=device-width, initial-scale=1\">\n    <link id=\"style\" rel=\"stylesheet\" href=\"https://cdn.ngrok.com/static/css/error.css\">\n    <noscript>Traffic successfully made it to the ngrok agent, but the agent failed to establish a connection to the upstream web service at localhost:3000. (ERR_NGROK_8012)</noscript>\n    <script id=\"script\" src=\"https://cdn.ngrok.com/static/js/error.js\" type=\"text/javascript\"></script>\n  </head>\n  <body class=\"h-full\" id=\"ngrok\">\n    <div id=\"root\" data-payload=\"eyJhZGRyIjoibG9jYWxob3N0OjMwMDAiLCJjZG5CYXNlIjoiaHR0cHM6Ly9jZG4ubmdyb2suY29tLyIsImNvZGUiOiI4MDEyIiwiZXJyb3JUZXh0IjoiZGlhbCB0Y3AgWzo6MV06MzAwMDogY29ubmVjdGV4OiBObyBjb25uZWN0aW9uIGNvdWxkIGJlIG1hZGUgYmVjYXVzZSB0aGUgdGFyZ2V0IG1hY2hpbmUgYWN0aXZlbHkgcmVmdXNlZCBpdC4iLCJtZXNzYWdlIjoiVHJhZmZpYyBzdWNjZXNzZnVsbHkgbWFkZSBpdCB0byB0aGUgbmdyb2sgYWdlbnQsIGJ1dCB0aGUgYWdlbnQgZmFpbGVkIHRvIGVzdGFibGlzaCBhIGNvbm5lY3Rpb24gdG8gdGhlIHVwc3RyZWFtIHdlYiBzZXJ2aWNlIGF0IGxvY2FsaG9zdDozMDAwLiIsInNjaGVtZSI6Imh0dHAiLCJ0aXRsZSI6IkJhZCBSZXF1ZXN0In0=\"></div>\n  </body>\n</html>\n"
[2025-10-28T23:00:22.943Z] ERROR: ❌ Error sending IPN: "<!DOCTYPE html>\n<html class=\"h-full\" lang=\"en-US\" dir=\"ltr\">\n  <head>\n    <link rel=\"preload\" href=\"https://cdn.ngrok.com/static/fonts/euclid-square/EuclidSquare-Regular-WebS.woff\" as=\"font\" type=\"font/woff\" crossorigin=\"anonymous\" />\n    <link rel=\"preload\" href=\"https://cdn.ngrok.com/static/fonts/euclid-square/EuclidSquare-RegularItalic-WebS.woff\" as=\"font\" type=\"font/woff\" crossorigin=\"anonymous\" />\n    <link rel=\"preload\" href=\"https://cdn.ngrok.com/static/fonts/euclid-square/EuclidSquare-Medium-WebS.woff\" as=\"font\" type=\"font/woff\" crossorigin=\"anonymous\" />\n    <link rel=\"preload\" href=\"https://cdn.ngrok.com/static/fonts/euclid-square/EuclidSquare-Semibold-WebS.woff\" as=\"font\" type=\"font/woff\" crossorigin=\"anonymous\" />\n    <link rel=\"preload\" href=\"https://cdn.ngrok.com/static/fonts/euclid-square/EuclidSquare-MediumItalic-WebS.woff\" as=\"font\" type=\"font/woff\" crossorigin=\"anonymous\" />\n    <link rel=\"preload\" href=\"https://cdn.ngrok.com/static/fonts/ibm-plex-mono/IBMPlexMono-Text.woff\" as=\"font\" type=\"font/woff\" crossorigin=\"anonymous\" />\n    <link rel=\"preload\" href=\"https://cdn.ngrok.com/static/fonts/ibm-plex-mono/IBMPlexMono-TextItalic.woff\" as=\"font\" type=\"font/woff\" crossorigin=\"anonymous\" />\n    <link rel=\"preload\" href=\"https://cdn.ngrok.com/static/fonts/ibm-plex-mono/IBMPlexMono-SemiBold.woff\" as=\"font\" type=\"font/woff\" crossorigin=\"anonymous\" />\n    <link rel=\"preload\" href=\"https://cdn.ngrok.com/static/fonts/ibm-plex-mono/IBMPlexMono-SemiBoldItalic.woff\" as=\"font\" type=\"font/woff\" crossorigin=\"anonymous\" />\n    <meta charset=\"utf-8\">\n    <meta name=\"author\" content=\"ngrok\">\n    <meta name=\"description\" content=\"ngrok is the fastest way to put anything on the internet with a single command.\">\n    <meta name=\"robots\" content=\"noindex, nofollow\">\n    <meta name=\"viewport\" content=\"width=device-width, initial-scale=1\">\n    <link id=\"style\" rel=\"stylesheet\" href=\"https://cdn.ngrok.com/static/css/error.css\">\n    <noscript>Traffic successfully made it to the ngrok agent, but the agent failed to establish a connection to the upstream web service at localhost:3000. (ERR_NGROK_8012)</noscript>\n    <script id=\"script\" src=\"https://cdn.ngrok.com/static/js/error.js\" type=\"text/javascript\"></script>\n  </head>\n  <body class=\"h-full\" id=\"ngrok\">\n    <div id=\"root\" data-payload=\"eyJhZGRyIjoibG9jYWxob3N0OjMwMDAiLCJjZG5CYXNlIjoiaHR0cHM6Ly9jZG4ubmdyb2suY29tLyIsImNvZGUiOiI4MDEyIiwiZXJyb3JUZXh0IjoiZGlhbCB0Y3AgWzo6MV06MzAwMDogY29ubmVjdGV4OiBObyBjb25uZWN0aW9uIGNvdWxkIGJlIG1hZGUgYmVjYXVzZSB0aGUgdGFyZ2V0IG1hY2hpbmUgYWN0aXZlbHkgcmVmdXNlZCBpdC4iLCJtZXNzYWdlIjoiVHJhZmZpYyBzdWNjZXNzZnVsbHkgbWFkZSBpdCB0byB0aGUgbmdyb2sgYWdlbnQsIGJ1dCB0aGUgYWdlbnQgZmFpbGVkIHRvIGVzdGFibGlzaCBhIGNvbm5lY3Rpb24gdG8gdGhlIHVwc3RyZWFtIHdlYiBzZXJ2aWNlIGF0IGxvY2FsaG9zdDozMDAwLiIsInNjaGVtZSI6Imh0dHAiLCJ0aXRsZSI6IkJhZCBSZXF1ZXN0In0=\"></div>\n  </body>\n</html>\n"
[2025-10-28T23:00:49.555Z] ERROR: ❌ Error sending IPN: "<!DOCTYPE html>\n<html class=\"h-full\" lang=\"en-US\" dir=\"ltr\">\n  <head>\n    <link rel=\"preload\" href=\"https://cdn.ngrok.com/static/fonts/euclid-square/EuclidSquare-Regular-WebS.woff\" as=\"font\" type=\"font/woff\" crossorigin=\"anonymous\" />\n    <link rel=\"preload\" href=\"https://cdn.ngrok.com/static/fonts/euclid-square/EuclidSquare-RegularItalic-WebS.woff\" as=\"font\" type=\"font/woff\" crossorigin=\"anonymous\" />\n    <link rel=\"preload\" href=\"https://cdn.ngrok.com/static/fonts/euclid-square/EuclidSquare-Medium-WebS.woff\" as=\"font\" type=\"font/woff\" crossorigin=\"anonymous\" />\n    <link rel=\"preload\" href=\"https://cdn.ngrok.com/static/fonts/euclid-square/EuclidSquare-Semibold-WebS.woff\" as=\"font\" type=\"font/woff\" crossorigin=\"anonymous\" />\n    <link rel=\"preload\" href=\"https://cdn.ngrok.com/static/fonts/euclid-square/EuclidSquare-MediumItalic-WebS.woff\" as=\"font\" type=\"font/woff\" crossorigin=\"anonymous\" />\n    <link rel=\"preload\" href=\"https://cdn.ngrok.com/static/fonts/ibm-plex-mono/IBMPlexMono-Text.woff\" as=\"font\" type=\"font/woff\" crossorigin=\"anonymous\" />\n    <link rel=\"preload\" href=\"https://cdn.ngrok.com/static/fonts/ibm-plex-mono/IBMPlexMono-TextItalic.woff\" as=\"font\" type=\"font/woff\" crossorigin=\"anonymous\" />\n    <link rel=\"preload\" href=\"https://cdn.ngrok.com/static/fonts/ibm-plex-mono/IBMPlexMono-SemiBold.woff\" as=\"font\" type=\"font/woff\" crossorigin=\"anonymous\" />\n    <link rel=\"preload\" href=\"https://cdn.ngrok.com/static/fonts/ibm-plex-mono/IBMPlexMono-SemiBoldItalic.woff\" as=\"font\" type=\"font/woff\" crossorigin=\"anonymous\" />\n    <meta charset=\"utf-8\">\n    <meta name=\"author\" content=\"ngrok\">\n    <meta name=\"description\" content=\"ngrok is the fastest way to put anything on the internet with a single command.\">\n    <meta name=\"robots\" content=\"noindex, nofollow\">\n    <meta name=\"viewport\" content=\"width=device-width, initial-scale=1\">\n    <link id=\"style\" rel=\"stylesheet\" href=\"https://cdn.ngrok.com/static/css/error.css\">\n    <noscript>Traffic successfully made it to the ngrok agent, but the agent failed to establish a connection to the upstream web service at localhost:3000. (ERR_NGROK_8012)</noscript>\n    <script id=\"script\" src=\"https://cdn.ngrok.com/static/js/error.js\" type=\"text/javascript\"></script>\n  </head>\n  <body class=\"h-full\" id=\"ngrok\">\n    <div id=\"root\" data-payload=\"eyJhZGRyIjoibG9jYWxob3N0OjMwMDAiLCJjZG5CYXNlIjoiaHR0cHM6Ly9jZG4ubmdyb2suY29tLyIsImNvZGUiOiI4MDEyIiwiZXJyb3JUZXh0IjoiZGlhbCB0Y3AgWzo6MV06MzAwMDogY29ubmVjdGV4OiBObyBjb25uZWN0aW9uIGNvdWxkIGJlIG1hZGUgYmVjYXVzZSB0aGUgdGFyZ2V0IG1hY2hpbmUgYWN0aXZlbHkgcmVmdXNlZCBpdC4iLCJtZXNzYWdlIjoiVHJhZmZpYyBzdWNjZXNzZnVsbHkgbWFkZSBpdCB0byB0aGUgbmdyb2sgYWdlbnQsIGJ1dCB0aGUgYWdlbnQgZmFpbGVkIHRvIGVzdGFibGlzaCBhIGNvbm5lY3Rpb24gdG8gdGhlIHVwc3RyZWFtIHdlYiBzZXJ2aWNlIGF0IGxvY2FsaG9zdDozMDAwLiIsInNjaGVtZSI6Imh0dHAiLCJ0aXRsZSI6IkJhZCBSZXF1ZXN0In0=\"></div>\n  </body>\n</html>\n"
[2025-10-28T23:02:50.268Z] ERROR: ❌ Error sending IPN: "<!DOCTYPE html>\n<html class=\"h-full\" lang=\"en-US\" dir=\"ltr\">\n  <head>\n    <link rel=\"preload\" href=\"https://cdn.ngrok.com/static/fonts/euclid-square/EuclidSquare-Regular-WebS.woff\" as=\"font\" type=\"font/woff\" crossorigin=\"anonymous\" />\n    <link rel=\"preload\" href=\"https://cdn.ngrok.com/static/fonts/euclid-square/EuclidSquare-RegularItalic-WebS.woff\" as=\"font\" type=\"font/woff\" crossorigin=\"anonymous\" />\n    <link rel=\"preload\" href=\"https://cdn.ngrok.com/static/fonts/euclid-square/EuclidSquare-Medium-WebS.woff\" as=\"font\" type=\"font/woff\" crossorigin=\"anonymous\" />\n    <link rel=\"preload\" href=\"https://cdn.ngrok.com/static/fonts/euclid-square/EuclidSquare-Semibold-WebS.woff\" as=\"font\" type=\"font/woff\" crossorigin=\"anonymous\" />\n    <link rel=\"preload\" href=\"https://cdn.ngrok.com/static/fonts/euclid-square/EuclidSquare-MediumItalic-WebS.woff\" as=\"font\" type=\"font/woff\" crossorigin=\"anonymous\" />\n    <link rel=\"preload\" href=\"https://cdn.ngrok.com/static/fonts/ibm-plex-mono/IBMPlexMono-Text.woff\" as=\"font\" type=\"font/woff\" crossorigin=\"anonymous\" />\n    <link rel=\"preload\" href=\"https://cdn.ngrok.com/static/fonts/ibm-plex-mono/IBMPlexMono-TextItalic.woff\" as=\"font\" type=\"font/woff\" crossorigin=\"anonymous\" />\n    <link rel=\"preload\" href=\"https://cdn.ngrok.com/static/fonts/ibm-plex-mono/IBMPlexMono-SemiBold.woff\" as=\"font\" type=\"font/woff\" crossorigin=\"anonymous\" />\n    <link rel=\"preload\" href=\"https://cdn.ngrok.com/static/fonts/ibm-plex-mono/IBMPlexMono-SemiBoldItalic.woff\" as=\"font\" type=\"font/woff\" crossorigin=\"anonymous\" />\n    <meta charset=\"utf-8\">\n    <meta name=\"author\" content=\"ngrok\">\n    <meta name=\"description\" content=\"ngrok is the fastest way to put anything on the internet with a single command.\">\n    <meta name=\"robots\" content=\"noindex, nofollow\">\n    <meta name=\"viewport\" content=\"width=device-width, initial-scale=1\">\n    <link id=\"style\" rel=\"stylesheet\" href=\"https://cdn.ngrok.com/static/css/error.css\">\n    <noscript>Traffic successfully made it to the ngrok agent, but the agent failed to establish a connection to the upstream web service at localhost:3000. (ERR_NGROK_8012)</noscript>\n    <script id=\"script\" src=\"https://cdn.ngrok.com/static/js/error.js\" type=\"text/javascript\"></script>\n  </head>\n  <body class=\"h-full\" id=\"ngrok\">\n    <div id=\"root\" data-payload=\"eyJhZGRyIjoibG9jYWxob3N0OjMwMDAiLCJjZG5CYXNlIjoiaHR0cHM6Ly9jZG4ubmdyb2suY29tLyIsImNvZGUiOiI4MDEyIiwiZXJyb3JUZXh0IjoiZGlhbCB0Y3AgWzo6MV06MzAwMDogY29ubmVjdGV4OiBObyBjb25uZWN0aW9uIGNvdWxkIGJlIG1hZGUgYmVjYXVzZSB0aGUgdGFyZ2V0IG1hY2hpbmUgYWN0aXZlbHkgcmVmdXNlZCBpdC4iLCJtZXNzYWdlIjoiVHJhZmZpYyBzdWNjZXNzZnVsbHkgbWFkZSBpdCB0byB0aGUgbmdyb2sgYWdlbnQsIGJ1dCB0aGUgYWdlbnQgZmFpbGVkIHRvIGVzdGFibGlzaCBhIGNvbm5lY3Rpb24gdG8gdGhlIHVwc3RyZWFtIHdlYiBzZXJ2aWNlIGF0IGxvY2FsaG9zdDozMDAwLiIsInNjaGVtZSI6Imh0dHAiLCJ0aXRsZSI6IkJhZCBSZXF1ZXN0In0=\"></div>\n  </body>\n</html>\n"
[2025-10-28T23:03:20.946Z] ERROR: ❌ Error sending IPN: "<!DOCTYPE html>\n<html class=\"h-full\" lang=\"en-US\" dir=\"ltr\">\n  <head>\n    <link rel=\"preload\" href=\"https://cdn.ngrok.com/static/fonts/euclid-square/EuclidSquare-Regular-WebS.woff\" as=\"font\" type=\"font/woff\" crossorigin=\"anonymous\" />\n    <link rel=\"preload\" href=\"https://cdn.ngrok.com/static/fonts/euclid-square/EuclidSquare-RegularItalic-WebS.woff\" as=\"font\" type=\"font/woff\" crossorigin=\"anonymous\" />\n    <link rel=\"preload\" href=\"https://cdn.ngrok.com/static/fonts/euclid-square/EuclidSquare-Medium-WebS.woff\" as=\"font\" type=\"font/woff\" crossorigin=\"anonymous\" />\n    <link rel=\"preload\" href=\"https://cdn.ngrok.com/static/fonts/euclid-square/EuclidSquare-Semibold-WebS.woff\" as=\"font\" type=\"font/woff\" crossorigin=\"anonymous\" />\n    <link rel=\"preload\" href=\"https://cdn.ngrok.com/static/fonts/euclid-square/EuclidSquare-MediumItalic-WebS.woff\" as=\"font\" type=\"font/woff\" crossorigin=\"anonymous\" />\n    <link rel=\"preload\" href=\"https://cdn.ngrok.com/static/fonts/ibm-plex-mono/IBMPlexMono-Text.woff\" as=\"font\" type=\"font/woff\" crossorigin=\"anonymous\" />\n    <link rel=\"preload\" href=\"https://cdn.ngrok.com/static/fonts/ibm-plex-mono/IBMPlexMono-TextItalic.woff\" as=\"font\" type=\"font/woff\" crossorigin=\"anonymous\" />\n    <link rel=\"preload\" href=\"https://cdn.ngrok.com/static/fonts/ibm-plex-mono/IBMPlexMono-SemiBold.woff\" as=\"font\" type=\"font/woff\" crossorigin=\"anonymous\" />\n    <link rel=\"preload\" href=\"https://cdn.ngrok.com/static/fonts/ibm-plex-mono/IBMPlexMono-SemiBoldItalic.woff\" as=\"font\" type=\"font/woff\" crossorigin=\"anonymous\" />\n    <meta charset=\"utf-8\">\n    <meta name=\"author\" content=\"ngrok\">\n    <meta name=\"description\" content=\"ngrok is the fastest way to put anything on the internet with a single command.\">\n    <meta name=\"robots\" content=\"noindex, nofollow\">\n    <meta name=\"viewport\" content=\"width=device-width, initial-scale=1\">\n    <link id=\"style\" rel=\"stylesheet\" href=\"https://cdn.ngrok.com/static/css/error.css\">\n    <noscript>Traffic successfully made it to the ngrok agent, but the agent failed to establish a connection to the upstream web service at localhost:3000. (ERR_NGROK_8012)</noscript>\n    <script id=\"script\" src=\"https://cdn.ngrok.com/static/js/error.js\" type=\"text/javascript\"></script>\n  </head>\n  <body class=\"h-full\" id=\"ngrok\">\n    <div id=\"root\" data-payload=\"eyJhZGRyIjoibG9jYWxob3N0OjMwMDAiLCJjZG5CYXNlIjoiaHR0cHM6Ly9jZG4ubmdyb2suY29tLyIsImNvZGUiOiI4MDEyIiwiZXJyb3JUZXh0IjoiZGlhbCB0Y3AgWzo6MV06MzAwMDogY29ubmVjdGV4OiBObyBjb25uZWN0aW9uIGNvdWxkIGJlIG1hZGUgYmVjYXVzZSB0aGUgdGFyZ2V0IG1hY2hpbmUgYWN0aXZlbHkgcmVmdXNlZCBpdC4iLCJtZXNzYWdlIjoiVHJhZmZpYyBzdWNjZXNzZnVsbHkgbWFkZSBpdCB0byB0aGUgbmdyb2sgYWdlbnQsIGJ1dCB0aGUgYWdlbnQgZmFpbGVkIHRvIGVzdGFibGlzaCBhIGNvbm5lY3Rpb24gdG8gdGhlIHVwc3RyZWFtIHdlYiBzZXJ2aWNlIGF0IGxvY2FsaG9zdDozMDAwLiIsInNjaGVtZSI6Imh0dHAiLCJ0aXRsZSI6IkJhZCBSZXF1ZXN0In0=\"></div>\n  </body>\n</html>\n"
[2025-10-28T23:03:50.944Z] ERROR: ❌ Error sending IPN: "<!DOCTYPE html>\n<html class=\"h-full\" lang=\"en-US\" dir=\"ltr\">\n  <head>\n    <link rel=\"preload\" href=\"https://cdn.ngrok.com/static/fonts/euclid-square/EuclidSquare-Regular-WebS.woff\" as=\"font\" type=\"font/woff\" crossorigin=\"anonymous\" />\n    <link rel=\"preload\" href=\"https://cdn.ngrok.com/static/fonts/euclid-square/EuclidSquare-RegularItalic-WebS.woff\" as=\"font\" type=\"font/woff\" crossorigin=\"anonymous\" />\n    <link rel=\"preload\" href=\"https://cdn.ngrok.com/static/fonts/euclid-square/EuclidSquare-Medium-WebS.woff\" as=\"font\" type=\"font/woff\" crossorigin=\"anonymous\" />\n    <link rel=\"preload\" href=\"https://cdn.ngrok.com/static/fonts/euclid-square/EuclidSquare-Semibold-WebS.woff\" as=\"font\" type=\"font/woff\" crossorigin=\"anonymous\" />\n    <link rel=\"preload\" href=\"https://cdn.ngrok.com/static/fonts/euclid-square/EuclidSquare-MediumItalic-WebS.woff\" as=\"font\" type=\"font/woff\" crossorigin=\"anonymous\" />\n    <link rel=\"preload\" href=\"https://cdn.ngrok.com/static/fonts/ibm-plex-mono/IBMPlexMono-Text.woff\" as=\"font\" type=\"font/woff\" crossorigin=\"anonymous\" />\n    <link rel=\"preload\" href=\"https://cdn.ngrok.com/static/fonts/ibm-plex-mono/IBMPlexMono-TextItalic.woff\" as=\"font\" type=\"font/woff\" crossorigin=\"anonymous\" />\n    <link rel=\"preload\" href=\"https://cdn.ngrok.com/static/fonts/ibm-plex-mono/IBMPlexMono-SemiBold.woff\" as=\"font\" type=\"font/woff\" crossorigin=\"anonymous\" />\n    <link rel=\"preload\" href=\"https://cdn.ngrok.com/static/fonts/ibm-plex-mono/IBMPlexMono-SemiBoldItalic.woff\" as=\"font\" type=\"font/woff\" crossorigin=\"anonymous\" />\n    <meta charset=\"utf-8\">\n    <meta name=\"author\" content=\"ngrok\">\n    <meta name=\"description\" content=\"ngrok is the fastest way to put anything on the internet with a single command.\">\n    <meta name=\"robots\" content=\"noindex, nofollow\">\n    <meta name=\"viewport\" content=\"width=device-width, initial-scale=1\">\n    <link id=\"style\" rel=\"stylesheet\" href=\"https://cdn.ngrok.com/static/css/error.css\">\n    <noscript>Traffic successfully made it to the ngrok agent, but the agent failed to establish a connection to the upstream web service at localhost:3000. (ERR_NGROK_8012)</noscript>\n    <script id=\"script\" src=\"https://cdn.ngrok.com/static/js/error.js\" type=\"text/javascript\"></script>\n  </head>\n  <body class=\"h-full\" id=\"ngrok\">\n    <div id=\"root\" data-payload=\"eyJhZGRyIjoibG9jYWxob3N0OjMwMDAiLCJjZG5CYXNlIjoiaHR0cHM6Ly9jZG4ubmdyb2suY29tLyIsImNvZGUiOiI4MDEyIiwiZXJyb3JUZXh0IjoiZGlhbCB0Y3AgWzo6MV06MzAwMDogY29ubmVjdGV4OiBObyBjb25uZWN0aW9uIGNvdWxkIGJlIG1hZGUgYmVjYXVzZSB0aGUgdGFyZ2V0IG1hY2hpbmUgYWN0aXZlbHkgcmVmdXNlZCBpdC4iLCJtZXNzYWdlIjoiVHJhZmZpYyBzdWNjZXNzZnVsbHkgbWFkZSBpdCB0byB0aGUgbmdyb2sgYWdlbnQsIGJ1dCB0aGUgYWdlbnQgZmFpbGVkIHRvIGVzdGFibGlzaCBhIGNvbm5lY3Rpb24gdG8gdGhlIHVwc3RyZWFtIHdlYiBzZXJ2aWNlIGF0IGxvY2FsaG9zdDozMDAwLiIsInNjaGVtZSI6Imh0dHAiLCJ0aXRsZSI6IkJhZCBSZXF1ZXN0In0=\"></div>\n  </body>\n</html>\n"
[2025-10-28T23:04:20.387Z] ERROR: ❌ Error sending IPN: "<!DOCTYPE html>\n<html class=\"h-full\" lang=\"en-US\" dir=\"ltr\">\n  <head>\n    <link rel=\"preload\" href=\"https://cdn.ngrok.com/static/fonts/euclid-square/EuclidSquare-Regular-WebS.woff\" as=\"font\" type=\"font/woff\" crossorigin=\"anonymous\" />\n    <link rel=\"preload\" href=\"https://cdn.ngrok.com/static/fonts/euclid-square/EuclidSquare-RegularItalic-WebS.woff\" as=\"font\" type=\"font/woff\" crossorigin=\"anonymous\" />\n    <link rel=\"preload\" href=\"https://cdn.ngrok.com/static/fonts/euclid-square/EuclidSquare-Medium-WebS.woff\" as=\"font\" type=\"font/woff\" crossorigin=\"anonymous\" />\n    <link rel=\"preload\" href=\"https://cdn.ngrok.com/static/fonts/euclid-square/EuclidSquare-Semibold-WebS.woff\" as=\"font\" type=\"font/woff\" crossorigin=\"anonymous\" />\n    <link rel=\"preload\" href=\"https://cdn.ngrok.com/static/fonts/euclid-square/EuclidSquare-MediumItalic-WebS.woff\" as=\"font\" type=\"font/woff\" crossorigin=\"anonymous\" />\n    <link rel=\"preload\" href=\"https://cdn.ngrok.com/static/fonts/ibm-plex-mono/IBMPlexMono-Text.woff\" as=\"font\" type=\"font/woff\" crossorigin=\"anonymous\" />\n    <link rel=\"preload\" href=\"https://cdn.ngrok.com/static/fonts/ibm-plex-mono/IBMPlexMono-TextItalic.woff\" as=\"font\" type=\"font/woff\" crossorigin=\"anonymous\" />\n    <link rel=\"preload\" href=\"https://cdn.ngrok.com/static/fonts/ibm-plex-mono/IBMPlexMono-SemiBold.woff\" as=\"font\" type=\"font/woff\" crossorigin=\"anonymous\" />\n    <link rel=\"preload\" href=\"https://cdn.ngrok.com/static/fonts/ibm-plex-mono/IBMPlexMono-SemiBoldItalic.woff\" as=\"font\" type=\"font/woff\" crossorigin=\"anonymous\" />\n    <meta charset=\"utf-8\">\n    <meta name=\"author\" content=\"ngrok\">\n    <meta name=\"description\" content=\"ngrok is the fastest way to put anything on the internet with a single command.\">\n    <meta name=\"robots\" content=\"noindex, nofollow\">\n    <meta name=\"viewport\" content=\"width=device-width, initial-scale=1\">\n    <link id=\"style\" rel=\"stylesheet\" href=\"https://cdn.ngrok.com/static/css/error.css\">\n    <noscript>Traffic successfully made it to the ngrok agent, but the agent failed to establish a connection to the upstream web service at localhost:3000. (ERR_NGROK_8012)</noscript>\n    <script id=\"script\" src=\"https://cdn.ngrok.com/static/js/error.js\" type=\"text/javascript\"></script>\n  </head>\n  <body class=\"h-full\" id=\"ngrok\">\n    <div id=\"root\" data-payload=\"eyJhZGRyIjoibG9jYWxob3N0OjMwMDAiLCJjZG5CYXNlIjoiaHR0cHM6Ly9jZG4ubmdyb2suY29tLyIsImNvZGUiOiI4MDEyIiwiZXJyb3JUZXh0IjoiZGlhbCB0Y3AgWzo6MV06MzAwMDogY29ubmVjdGV4OiBObyBjb25uZWN0aW9uIGNvdWxkIGJlIG1hZGUgYmVjYXVzZSB0aGUgdGFyZ2V0IG1hY2hpbmUgYWN0aXZlbHkgcmVmdXNlZCBpdC4iLCJtZXNzYWdlIjoiVHJhZmZpYyBzdWNjZXNzZnVsbHkgbWFkZSBpdCB0byB0aGUgbmdyb2sgYWdlbnQsIGJ1dCB0aGUgYWdlbnQgZmFpbGVkIHRvIGVzdGFibGlzaCBhIGNvbm5lY3Rpb24gdG8gdGhlIHVwc3RyZWFtIHdlYiBzZXJ2aWNlIGF0IGxvY2FsaG9zdDozMDAwLiIsInNjaGVtZSI6Imh0dHAiLCJ0aXRsZSI6IkJhZCBSZXF1ZXN0In0=\"></div>\n  </body>\n</html>\n"
[2025-10-28T23:04:50.324Z] ERROR: ❌ Error sending IPN: "<!DOCTYPE html>\n<html class=\"h-full\" lang=\"en-US\" dir=\"ltr\">\n  <head>\n    <link rel=\"preload\" href=\"https://cdn.ngrok.com/static/fonts/euclid-square/EuclidSquare-Regular-WebS.woff\" as=\"font\" type=\"font/woff\" crossorigin=\"anonymous\" />\n    <link rel=\"preload\" href=\"https://cdn.ngrok.com/static/fonts/euclid-square/EuclidSquare-RegularItalic-WebS.woff\" as=\"font\" type=\"font/woff\" crossorigin=\"anonymous\" />\n    <link rel=\"preload\" href=\"https://cdn.ngrok.com/static/fonts/euclid-square/EuclidSquare-Medium-WebS.woff\" as=\"font\" type=\"font/woff\" crossorigin=\"anonymous\" />\n    <link rel=\"preload\" href=\"https://cdn.ngrok.com/static/fonts/euclid-square/EuclidSquare-Semibold-WebS.woff\" as=\"font\" type=\"font/woff\" crossorigin=\"anonymous\" />\n    <link rel=\"preload\" href=\"https://cdn.ngrok.com/static/fonts/euclid-square/EuclidSquare-MediumItalic-WebS.woff\" as=\"font\" type=\"font/woff\" crossorigin=\"anonymous\" />\n    <link rel=\"preload\" href=\"https://cdn.ngrok.com/static/fonts/ibm-plex-mono/IBMPlexMono-Text.woff\" as=\"font\" type=\"font/woff\" crossorigin=\"anonymous\" />\n    <link rel=\"preload\" href=\"https://cdn.ngrok.com/static/fonts/ibm-plex-mono/IBMPlexMono-TextItalic.woff\" as=\"font\" type=\"font/woff\" crossorigin=\"anonymous\" />\n    <link rel=\"preload\" href=\"https://cdn.ngrok.com/static/fonts/ibm-plex-mono/IBMPlexMono-SemiBold.woff\" as=\"font\" type=\"font/woff\" crossorigin=\"anonymous\" />\n    <link rel=\"preload\" href=\"https://cdn.ngrok.com/static/fonts/ibm-plex-mono/IBMPlexMono-SemiBoldItalic.woff\" as=\"font\" type=\"font/woff\" crossorigin=\"anonymous\" />\n    <meta charset=\"utf-8\">\n    <meta name=\"author\" content=\"ngrok\">\n    <meta name=\"description\" content=\"ngrok is the fastest way to put anything on the internet with a single command.\">\n    <meta name=\"robots\" content=\"noindex, nofollow\">\n    <meta name=\"viewport\" content=\"width=device-width, initial-scale=1\">\n    <link id=\"style\" rel=\"stylesheet\" href=\"https://cdn.ngrok.com/static/css/error.css\">\n    <noscript>Traffic successfully made it to the ngrok agent, but the agent failed to establish a connection to the upstream web service at localhost:3000. (ERR_NGROK_8012)</noscript>\n    <script id=\"script\" src=\"https://cdn.ngrok.com/static/js/error.js\" type=\"text/javascript\"></script>\n  </head>\n  <body class=\"h-full\" id=\"ngrok\">\n    <div id=\"root\" data-payload=\"eyJhZGRyIjoibG9jYWxob3N0OjMwMDAiLCJjZG5CYXNlIjoiaHR0cHM6Ly9jZG4ubmdyb2suY29tLyIsImNvZGUiOiI4MDEyIiwiZXJyb3JUZXh0IjoiZGlhbCB0Y3AgWzo6MV06MzAwMDogY29ubmVjdGV4OiBObyBjb25uZWN0aW9uIGNvdWxkIGJlIG1hZGUgYmVjYXVzZSB0aGUgdGFyZ2V0IG1hY2hpbmUgYWN0aXZlbHkgcmVmdXNlZCBpdC4iLCJtZXNzYWdlIjoiVHJhZmZpYyBzdWNjZXNzZnVsbHkgbWFkZSBpdCB0byB0aGUgbmdyb2sgYWdlbnQsIGJ1dCB0aGUgYWdlbnQgZmFpbGVkIHRvIGVzdGFibGlzaCBhIGNvbm5lY3Rpb24gdG8gdGhlIHVwc3RyZWFtIHdlYiBzZXJ2aWNlIGF0IGxvY2FsaG9zdDozMDAwLiIsInNjaGVtZSI6Imh0dHAiLCJ0aXRsZSI6IkJhZCBSZXF1ZXN0In0=\"></div>\n  </body>\n</html>\n"
[2025-10-28T23:05:50.297Z] ERROR: ❌ Error sending IPN: "<!DOCTYPE html>\n<html class=\"h-full\" lang=\"en-US\" dir=\"ltr\">\n  <head>\n    <link rel=\"preload\" href=\"https://cdn.ngrok.com/static/fonts/euclid-square/EuclidSquare-Regular-WebS.woff\" as=\"font\" type=\"font/woff\" crossorigin=\"anonymous\" />\n    <link rel=\"preload\" href=\"https://cdn.ngrok.com/static/fonts/euclid-square/EuclidSquare-RegularItalic-WebS.woff\" as=\"font\" type=\"font/woff\" crossorigin=\"anonymous\" />\n    <link rel=\"preload\" href=\"https://cdn.ngrok.com/static/fonts/euclid-square/EuclidSquare-Medium-WebS.woff\" as=\"font\" type=\"font/woff\" crossorigin=\"anonymous\" />\n    <link rel=\"preload\" href=\"https://cdn.ngrok.com/static/fonts/euclid-square/EuclidSquare-Semibold-WebS.woff\" as=\"font\" type=\"font/woff\" crossorigin=\"anonymous\" />\n    <link rel=\"preload\" href=\"https://cdn.ngrok.com/static/fonts/euclid-square/EuclidSquare-MediumItalic-WebS.woff\" as=\"font\" type=\"font/woff\" crossorigin=\"anonymous\" />\n    <link rel=\"preload\" href=\"https://cdn.ngrok.com/static/fonts/ibm-plex-mono/IBMPlexMono-Text.woff\" as=\"font\" type=\"font/woff\" crossorigin=\"anonymous\" />\n    <link rel=\"preload\" href=\"https://cdn.ngrok.com/static/fonts/ibm-plex-mono/IBMPlexMono-TextItalic.woff\" as=\"font\" type=\"font/woff\" crossorigin=\"anonymous\" />\n    <link rel=\"preload\" href=\"https://cdn.ngrok.com/static/fonts/ibm-plex-mono/IBMPlexMono-SemiBold.woff\" as=\"font\" type=\"font/woff\" crossorigin=\"anonymous\" />\n    <link rel=\"preload\" href=\"https://cdn.ngrok.com/static/fonts/ibm-plex-mono/IBMPlexMono-SemiBoldItalic.woff\" as=\"font\" type=\"font/woff\" crossorigin=\"anonymous\" />\n    <meta charset=\"utf-8\">\n    <meta name=\"author\" content=\"ngrok\">\n    <meta name=\"description\" content=\"ngrok is the fastest way to put anything on the internet with a single command.\">\n    <meta name=\"robots\" content=\"noindex, nofollow\">\n    <meta name=\"viewport\" content=\"width=device-width, initial-scale=1\">\n    <link id=\"style\" rel=\"stylesheet\" href=\"https://cdn.ngrok.com/static/css/error.css\">\n    <noscript>Traffic successfully made it to the ngrok agent, but the agent failed to establish a connection to the upstream web service at localhost:3000. (ERR_NGROK_8012)</noscript>\n    <script id=\"script\" src=\"https://cdn.ngrok.com/static/js/error.js\" type=\"text/javascript\"></script>\n  </head>\n  <body class=\"h-full\" id=\"ngrok\">\n    <div id=\"root\" data-payload=\"eyJhZGRyIjoibG9jYWxob3N0OjMwMDAiLCJjZG5CYXNlIjoiaHR0cHM6Ly9jZG4ubmdyb2suY29tLyIsImNvZGUiOiI4MDEyIiwiZXJyb3JUZXh0IjoiZGlhbCB0Y3AgWzo6MV06MzAwMDogY29ubmVjdGV4OiBObyBjb25uZWN0aW9uIGNvdWxkIGJlIG1hZGUgYmVjYXVzZSB0aGUgdGFyZ2V0IG1hY2hpbmUgYWN0aXZlbHkgcmVmdXNlZCBpdC4iLCJtZXNzYWdlIjoiVHJhZmZpYyBzdWNjZXNzZnVsbHkgbWFkZSBpdCB0byB0aGUgbmdyb2sgYWdlbnQsIGJ1dCB0aGUgYWdlbnQgZmFpbGVkIHRvIGVzdGFibGlzaCBhIGNvbm5lY3Rpb24gdG8gdGhlIHVwc3RyZWFtIHdlYiBzZXJ2aWNlIGF0IGxvY2FsaG9zdDozMDAwLiIsInNjaGVtZSI6Imh0dHAiLCJ0aXRsZSI6IkJhZCBSZXF1ZXN0In0=\"></div>\n  </body>\n</html>\n"
[2025-10-28T23:06:50.514Z] ERROR: ❌ Error sending IPN: "<!DOCTYPE html>\n<html class=\"h-full\" lang=\"en-US\" dir=\"ltr\">\n  <head>\n    <link rel=\"preload\" href=\"https://cdn.ngrok.com/static/fonts/euclid-square/EuclidSquare-Regular-WebS.woff\" as=\"font\" type=\"font/woff\" crossorigin=\"anonymous\" />\n    <link rel=\"preload\" href=\"https://cdn.ngrok.com/static/fonts/euclid-square/EuclidSquare-RegularItalic-WebS.woff\" as=\"font\" type=\"font/woff\" crossorigin=\"anonymous\" />\n    <link rel=\"preload\" href=\"https://cdn.ngrok.com/static/fonts/euclid-square/EuclidSquare-Medium-WebS.woff\" as=\"font\" type=\"font/woff\" crossorigin=\"anonymous\" />\n    <link rel=\"preload\" href=\"https://cdn.ngrok.com/static/fonts/euclid-square/EuclidSquare-Semibold-WebS.woff\" as=\"font\" type=\"font/woff\" crossorigin=\"anonymous\" />\n    <link rel=\"preload\" href=\"https://cdn.ngrok.com/static/fonts/euclid-square/EuclidSquare-MediumItalic-WebS.woff\" as=\"font\" type=\"font/woff\" crossorigin=\"anonymous\" />\n    <link rel=\"preload\" href=\"https://cdn.ngrok.com/static/fonts/ibm-plex-mono/IBMPlexMono-Text.woff\" as=\"font\" type=\"font/woff\" crossorigin=\"anonymous\" />\n    <link rel=\"preload\" href=\"https://cdn.ngrok.com/static/fonts/ibm-plex-mono/IBMPlexMono-TextItalic.woff\" as=\"font\" type=\"font/woff\" crossorigin=\"anonymous\" />\n    <link rel=\"preload\" href=\"https://cdn.ngrok.com/static/fonts/ibm-plex-mono/IBMPlexMono-SemiBold.woff\" as=\"font\" type=\"font/woff\" crossorigin=\"anonymous\" />\n    <link rel=\"preload\" href=\"https://cdn.ngrok.com/static/fonts/ibm-plex-mono/IBMPlexMono-SemiBoldItalic.woff\" as=\"font\" type=\"font/woff\" crossorigin=\"anonymous\" />\n    <meta charset=\"utf-8\">\n    <meta name=\"author\" content=\"ngrok\">\n    <meta name=\"description\" content=\"ngrok is the fastest way to put anything on the internet with a single command.\">\n    <meta name=\"robots\" content=\"noindex, nofollow\">\n    <meta name=\"viewport\" content=\"width=device-width, initial-scale=1\">\n    <link id=\"style\" rel=\"stylesheet\" href=\"https://cdn.ngrok.com/static/css/error.css\">\n    <noscript>Traffic successfully made it to the ngrok agent, but the agent failed to establish a connection to the upstream web service at localhost:3000. (ERR_NGROK_8012)</noscript>\n    <script id=\"script\" src=\"https://cdn.ngrok.com/static/js/error.js\" type=\"text/javascript\"></script>\n  </head>\n  <body class=\"h-full\" id=\"ngrok\">\n    <div id=\"root\" data-payload=\"eyJhZGRyIjoibG9jYWxob3N0OjMwMDAiLCJjZG5CYXNlIjoiaHR0cHM6Ly9jZG4ubmdyb2suY29tLyIsImNvZGUiOiI4MDEyIiwiZXJyb3JUZXh0IjoiZGlhbCB0Y3AgWzo6MV06MzAwMDogY29ubmVjdGV4OiBObyBjb25uZWN0aW9uIGNvdWxkIGJlIG1hZGUgYmVjYXVzZSB0aGUgdGFyZ2V0IG1hY2hpbmUgYWN0aXZlbHkgcmVmdXNlZCBpdC4iLCJtZXNzYWdlIjoiVHJhZmZpYyBzdWNjZXNzZnVsbHkgbWFkZSBpdCB0byB0aGUgbmdyb2sgYWdlbnQsIGJ1dCB0aGUgYWdlbnQgZmFpbGVkIHRvIGVzdGFibGlzaCBhIGNvbm5lY3Rpb24gdG8gdGhlIHVwc3RyZWFtIHdlYiBzZXJ2aWNlIGF0IGxvY2FsaG9zdDozMDAwLiIsInNjaGVtZSI6Imh0dHAiLCJ0aXRsZSI6IkJhZCBSZXF1ZXN0In0=\"></div>\n  </body>\n</html>\n"
[2025-10-28T23:07:50.402Z] ERROR: ❌ Error sending IPN: "<!DOCTYPE html>\n<html class=\"h-full\" lang=\"en-US\" dir=\"ltr\">\n  <head>\n    <link rel=\"preload\" href=\"https://cdn.ngrok.com/static/fonts/euclid-square/EuclidSquare-Regular-WebS.woff\" as=\"font\" type=\"font/woff\" crossorigin=\"anonymous\" />\n    <link rel=\"preload\" href=\"https://cdn.ngrok.com/static/fonts/euclid-square/EuclidSquare-RegularItalic-WebS.woff\" as=\"font\" type=\"font/woff\" crossorigin=\"anonymous\" />\n    <link rel=\"preload\" href=\"https://cdn.ngrok.com/static/fonts/euclid-square/EuclidSquare-Medium-WebS.woff\" as=\"font\" type=\"font/woff\" crossorigin=\"anonymous\" />\n    <link rel=\"preload\" href=\"https://cdn.ngrok.com/static/fonts/euclid-square/EuclidSquare-Semibold-WebS.woff\" as=\"font\" type=\"font/woff\" crossorigin=\"anonymous\" />\n    <link rel=\"preload\" href=\"https://cdn.ngrok.com/static/fonts/euclid-square/EuclidSquare-MediumItalic-WebS.woff\" as=\"font\" type=\"font/woff\" crossorigin=\"anonymous\" />\n    <link rel=\"preload\" href=\"https://cdn.ngrok.com/static/fonts/ibm-plex-mono/IBMPlexMono-Text.woff\" as=\"font\" type=\"font/woff\" crossorigin=\"anonymous\" />\n    <link rel=\"preload\" href=\"https://cdn.ngrok.com/static/fonts/ibm-plex-mono/IBMPlexMono-TextItalic.woff\" as=\"font\" type=\"font/woff\" crossorigin=\"anonymous\" />\n    <link rel=\"preload\" href=\"https://cdn.ngrok.com/static/fonts/ibm-plex-mono/IBMPlexMono-SemiBold.woff\" as=\"font\" type=\"font/woff\" crossorigin=\"anonymous\" />\n    <link rel=\"preload\" href=\"https://cdn.ngrok.com/static/fonts/ibm-plex-mono/IBMPlexMono-SemiBoldItalic.woff\" as=\"font\" type=\"font/woff\" crossorigin=\"anonymous\" />\n    <meta charset=\"utf-8\">\n    <meta name=\"author\" content=\"ngrok\">\n    <meta name=\"description\" content=\"ngrok is the fastest way to put anything on the internet with a single command.\">\n    <meta name=\"robots\" content=\"noindex, nofollow\">\n    <meta name=\"viewport\" content=\"width=device-width, initial-scale=1\">\n    <link id=\"style\" rel=\"stylesheet\" href=\"https://cdn.ngrok.com/static/css/error.css\">\n    <noscript>Traffic successfully made it to the ngrok agent, but the agent failed to establish a connection to the upstream web service at localhost:3000. (ERR_NGROK_8012)</noscript>\n    <script id=\"script\" src=\"https://cdn.ngrok.com/static/js/error.js\" type=\"text/javascript\"></script>\n  </head>\n  <body class=\"h-full\" id=\"ngrok\">\n    <div id=\"root\" data-payload=\"eyJhZGRyIjoibG9jYWxob3N0OjMwMDAiLCJjZG5CYXNlIjoiaHR0cHM6Ly9jZG4ubmdyb2suY29tLyIsImNvZGUiOiI4MDEyIiwiZXJyb3JUZXh0IjoiZGlhbCB0Y3AgWzo6MV06MzAwMDogY29ubmVjdGV4OiBObyBjb25uZWN0aW9uIGNvdWxkIGJlIG1hZGUgYmVjYXVzZSB0aGUgdGFyZ2V0IG1hY2hpbmUgYWN0aXZlbHkgcmVmdXNlZCBpdC4iLCJtZXNzYWdlIjoiVHJhZmZpYyBzdWNjZXNzZnVsbHkgbWFkZSBpdCB0byB0aGUgbmdyb2sgYWdlbnQsIGJ1dCB0aGUgYWdlbnQgZmFpbGVkIHRvIGVzdGFibGlzaCBhIGNvbm5lY3Rpb24gdG8gdGhlIHVwc3RyZWFtIHdlYiBzZXJ2aWNlIGF0IGxvY2FsaG9zdDozMDAwLiIsInNjaGVtZSI6Imh0dHAiLCJ0aXRsZSI6IkJhZCBSZXF1ZXN0In0=\"></div>\n  </body>\n</html>\n"
[2025-10-28T23:11:53.299Z] ERROR: ❌ Error sending IPN: "<!DOCTYPE html>\n<html class=\"h-full\" lang=\"en-US\" dir=\"ltr\">\n  <head>\n    <link rel=\"preload\" href=\"https://cdn.ngrok.com/static/fonts/euclid-square/EuclidSquare-Regular-WebS.woff\" as=\"font\" type=\"font/woff\" crossorigin=\"anonymous\" />\n    <link rel=\"preload\" href=\"https://cdn.ngrok.com/static/fonts/euclid-square/EuclidSquare-RegularItalic-WebS.woff\" as=\"font\" type=\"font/woff\" crossorigin=\"anonymous\" />\n    <link rel=\"preload\" href=\"https://cdn.ngrok.com/static/fonts/euclid-square/EuclidSquare-Medium-WebS.woff\" as=\"font\" type=\"font/woff\" crossorigin=\"anonymous\" />\n    <link rel=\"preload\" href=\"https://cdn.ngrok.com/static/fonts/euclid-square/EuclidSquare-Semibold-WebS.woff\" as=\"font\" type=\"font/woff\" crossorigin=\"anonymous\" />\n    <link rel=\"preload\" href=\"https://cdn.ngrok.com/static/fonts/euclid-square/EuclidSquare-MediumItalic-WebS.woff\" as=\"font\" type=\"font/woff\" crossorigin=\"anonymous\" />\n    <link rel=\"preload\" href=\"https://cdn.ngrok.com/static/fonts/ibm-plex-mono/IBMPlexMono-Text.woff\" as=\"font\" type=\"font/woff\" crossorigin=\"anonymous\" />\n    <link rel=\"preload\" href=\"https://cdn.ngrok.com/static/fonts/ibm-plex-mono/IBMPlexMono-TextItalic.woff\" as=\"font\" type=\"font/woff\" crossorigin=\"anonymous\" />\n    <link rel=\"preload\" href=\"https://cdn.ngrok.com/static/fonts/ibm-plex-mono/IBMPlexMono-SemiBold.woff\" as=\"font\" type=\"font/woff\" crossorigin=\"anonymous\" />\n    <link rel=\"preload\" href=\"https://cdn.ngrok.com/static/fonts/ibm-plex-mono/IBMPlexMono-SemiBoldItalic.woff\" as=\"font\" type=\"font/woff\" crossorigin=\"anonymous\" />\n    <meta charset=\"utf-8\">\n    <meta name=\"author\" content=\"ngrok\">\n    <meta name=\"description\" content=\"ngrok is the fastest way to put anything on the internet with a single command.\">\n    <meta name=\"robots\" content=\"noindex, nofollow\">\n    <meta name=\"viewport\" content=\"width=device-width, initial-scale=1\">\n    <link id=\"style\" rel=\"stylesheet\" href=\"https://cdn.ngrok.com/static/css/error.css\">\n    <noscript>Traffic successfully made it to the ngrok agent, but the agent failed to establish a connection to the upstream web service at localhost:3000. (ERR_NGROK_8012)</noscript>\n    <script id=\"script\" src=\"https://cdn.ngrok.com/static/js/error.js\" type=\"text/javascript\"></script>\n  </head>\n  <body class=\"h-full\" id=\"ngrok\">\n    <div id=\"root\" data-payload=\"eyJhZGRyIjoibG9jYWxob3N0OjMwMDAiLCJjZG5CYXNlIjoiaHR0cHM6Ly9jZG4ubmdyb2suY29tLyIsImNvZGUiOiI4MDEyIiwiZXJyb3JUZXh0IjoiZGlhbCB0Y3AgWzo6MV06MzAwMDogY29ubmVjdGV4OiBObyBjb25uZWN0aW9uIGNvdWxkIGJlIG1hZGUgYmVjYXVzZSB0aGUgdGFyZ2V0IG1hY2hpbmUgYWN0aXZlbHkgcmVmdXNlZCBpdC4iLCJtZXNzYWdlIjoiVHJhZmZpYyBzdWNjZXNzZnVsbHkgbWFkZSBpdCB0byB0aGUgbmdyb2sgYWdlbnQsIGJ1dCB0aGUgYWdlbnQgZmFpbGVkIHRvIGVzdGFibGlzaCBhIGNvbm5lY3Rpb24gdG8gdGhlIHVwc3RyZWFtIHdlYiBzZXJ2aWNlIGF0IGxvY2FsaG9zdDozMDAwLiIsInNjaGVtZSI6Imh0dHAiLCJ0aXRsZSI6IkJhZCBSZXF1ZXN0In0=\"></div>\n  </body>\n</html>\n"
[2025-10-28T23:12:20.130Z] ERROR: ❌ Error sending IPN: "<!DOCTYPE html>\n<html class=\"h-full\" lang=\"en-US\" dir=\"ltr\">\n  <head>\n    <link rel=\"preload\" href=\"https://cdn.ngrok.com/static/fonts/euclid-square/EuclidSquare-Regular-WebS.woff\" as=\"font\" type=\"font/woff\" crossorigin=\"anonymous\" />\n    <link rel=\"preload\" href=\"https://cdn.ngrok.com/static/fonts/euclid-square/EuclidSquare-RegularItalic-WebS.woff\" as=\"font\" type=\"font/woff\" crossorigin=\"anonymous\" />\n    <link rel=\"preload\" href=\"https://cdn.ngrok.com/static/fonts/euclid-square/EuclidSquare-Medium-WebS.woff\" as=\"font\" type=\"font/woff\" crossorigin=\"anonymous\" />\n    <link rel=\"preload\" href=\"https://cdn.ngrok.com/static/fonts/euclid-square/EuclidSquare-Semibold-WebS.woff\" as=\"font\" type=\"font/woff\" crossorigin=\"anonymous\" />\n    <link rel=\"preload\" href=\"https://cdn.ngrok.com/static/fonts/euclid-square/EuclidSquare-MediumItalic-WebS.woff\" as=\"font\" type=\"font/woff\" crossorigin=\"anonymous\" />\n    <link rel=\"preload\" href=\"https://cdn.ngrok.com/static/fonts/ibm-plex-mono/IBMPlexMono-Text.woff\" as=\"font\" type=\"font/woff\" crossorigin=\"anonymous\" />\n    <link rel=\"preload\" href=\"https://cdn.ngrok.com/static/fonts/ibm-plex-mono/IBMPlexMono-TextItalic.woff\" as=\"font\" type=\"font/woff\" crossorigin=\"anonymous\" />\n    <link rel=\"preload\" href=\"https://cdn.ngrok.com/static/fonts/ibm-plex-mono/IBMPlexMono-SemiBold.woff\" as=\"font\" type=\"font/woff\" crossorigin=\"anonymous\" />\n    <link rel=\"preload\" href=\"https://cdn.ngrok.com/static/fonts/ibm-plex-mono/IBMPlexMono-SemiBoldItalic.woff\" as=\"font\" type=\"font/woff\" crossorigin=\"anonymous\" />\n    <meta charset=\"utf-8\">\n    <meta name=\"author\" content=\"ngrok\">\n    <meta name=\"description\" content=\"ngrok is the fastest way to put anything on the internet with a single command.\">\n    <meta name=\"robots\" content=\"noindex, nofollow\">\n    <meta name=\"viewport\" content=\"width=device-width, initial-scale=1\">\n    <link id=\"style\" rel=\"stylesheet\" href=\"https://cdn.ngrok.com/static/css/error.css\">\n    <noscript>Traffic successfully made it to the ngrok agent, but the agent failed to establish a connection to the upstream web service at localhost:3000. (ERR_NGROK_8012)</noscript>\n    <script id=\"script\" src=\"https://cdn.ngrok.com/static/js/error.js\" type=\"text/javascript\"></script>\n  </head>\n  <body class=\"h-full\" id=\"ngrok\">\n    <div id=\"root\" data-payload=\"eyJhZGRyIjoibG9jYWxob3N0OjMwMDAiLCJjZG5CYXNlIjoiaHR0cHM6Ly9jZG4ubmdyb2suY29tLyIsImNvZGUiOiI4MDEyIiwiZXJyb3JUZXh0IjoiZGlhbCB0Y3AgWzo6MV06MzAwMDogY29ubmVjdGV4OiBObyBjb25uZWN0aW9uIGNvdWxkIGJlIG1hZGUgYmVjYXVzZSB0aGUgdGFyZ2V0IG1hY2hpbmUgYWN0aXZlbHkgcmVmdXNlZCBpdC4iLCJtZXNzYWdlIjoiVHJhZmZpYyBzdWNjZXNzZnVsbHkgbWFkZSBpdCB0byB0aGUgbmdyb2sgYWdlbnQsIGJ1dCB0aGUgYWdlbnQgZmFpbGVkIHRvIGVzdGFibGlzaCBhIGNvbm5lY3Rpb24gdG8gdGhlIHVwc3RyZWFtIHdlYiBzZXJ2aWNlIGF0IGxvY2FsaG9zdDozMDAwLiIsInNjaGVtZSI6Imh0dHAiLCJ0aXRsZSI6IkJhZCBSZXF1ZXN0In0=\"></div>\n  </body>\n</html>\n"
[2025-10-28T23:13:20.468Z] ERROR: ❌ Error sending IPN: "<!DOCTYPE html>\n<html class=\"h-full\" lang=\"en-US\" dir=\"ltr\">\n  <head>\n    <link rel=\"preload\" href=\"https://cdn.ngrok.com/static/fonts/euclid-square/EuclidSquare-Regular-WebS.woff\" as=\"font\" type=\"font/woff\" crossorigin=\"anonymous\" />\n    <link rel=\"preload\" href=\"https://cdn.ngrok.com/static/fonts/euclid-square/EuclidSquare-RegularItalic-WebS.woff\" as=\"font\" type=\"font/woff\" crossorigin=\"anonymous\" />\n    <link rel=\"preload\" href=\"https://cdn.ngrok.com/static/fonts/euclid-square/EuclidSquare-Medium-WebS.woff\" as=\"font\" type=\"font/woff\" crossorigin=\"anonymous\" />\n    <link rel=\"preload\" href=\"https://cdn.ngrok.com/static/fonts/euclid-square/EuclidSquare-Semibold-WebS.woff\" as=\"font\" type=\"font/woff\" crossorigin=\"anonymous\" />\n    <link rel=\"preload\" href=\"https://cdn.ngrok.com/static/fonts/euclid-square/EuclidSquare-MediumItalic-WebS.woff\" as=\"font\" type=\"font/woff\" crossorigin=\"anonymous\" />\n    <link rel=\"preload\" href=\"https://cdn.ngrok.com/static/fonts/ibm-plex-mono/IBMPlexMono-Text.woff\" as=\"font\" type=\"font/woff\" crossorigin=\"anonymous\" />\n    <link rel=\"preload\" href=\"https://cdn.ngrok.com/static/fonts/ibm-plex-mono/IBMPlexMono-TextItalic.woff\" as=\"font\" type=\"font/woff\" crossorigin=\"anonymous\" />\n    <link rel=\"preload\" href=\"https://cdn.ngrok.com/static/fonts/ibm-plex-mono/IBMPlexMono-SemiBold.woff\" as=\"font\" type=\"font/woff\" crossorigin=\"anonymous\" />\n    <link rel=\"preload\" href=\"https://cdn.ngrok.com/static/fonts/ibm-plex-mono/IBMPlexMono-SemiBoldItalic.woff\" as=\"font\" type=\"font/woff\" crossorigin=\"anonymous\" />\n    <meta charset=\"utf-8\">\n    <meta name=\"author\" content=\"ngrok\">\n    <meta name=\"description\" content=\"ngrok is the fastest way to put anything on the internet with a single command.\">\n    <meta name=\"robots\" content=\"noindex, nofollow\">\n    <meta name=\"viewport\" content=\"width=device-width, initial-scale=1\">\n    <link id=\"style\" rel=\"stylesheet\" href=\"https://cdn.ngrok.com/static/css/error.css\">\n    <noscript>Traffic successfully made it to the ngrok agent, but the agent failed to establish a connection to the upstream web service at localhost:3000. (ERR_NGROK_8012)</noscript>\n    <script id=\"script\" src=\"https://cdn.ngrok.com/static/js/error.js\" type=\"text/javascript\"></script>\n  </head>\n  <body class=\"h-full\" id=\"ngrok\">\n    <div id=\"root\" data-payload=\"eyJhZGRyIjoibG9jYWxob3N0OjMwMDAiLCJjZG5CYXNlIjoiaHR0cHM6Ly9jZG4ubmdyb2suY29tLyIsImNvZGUiOiI4MDEyIiwiZXJyb3JUZXh0IjoiZGlhbCB0Y3AgWzo6MV06MzAwMDogY29ubmVjdGV4OiBObyBjb25uZWN0aW9uIGNvdWxkIGJlIG1hZGUgYmVjYXVzZSB0aGUgdGFyZ2V0IG1hY2hpbmUgYWN0aXZlbHkgcmVmdXNlZCBpdC4iLCJtZXNzYWdlIjoiVHJhZmZpYyBzdWNjZXNzZnVsbHkgbWFkZSBpdCB0byB0aGUgbmdyb2sgYWdlbnQsIGJ1dCB0aGUgYWdlbnQgZmFpbGVkIHRvIGVzdGFibGlzaCBhIGNvbm5lY3Rpb24gdG8gdGhlIHVwc3RyZWFtIHdlYiBzZXJ2aWNlIGF0IGxvY2FsaG9zdDozMDAwLiIsInNjaGVtZSI6Imh0dHAiLCJ0aXRsZSI6IkJhZCBSZXF1ZXN0In0=\"></div>\n  </body>\n</html>\n"
[2025-10-28T23:13:50.390Z] ERROR: ❌ Error sending IPN: "<!DOCTYPE html>\n<html class=\"h-full\" lang=\"en-US\" dir=\"ltr\">\n  <head>\n    <link rel=\"preload\" href=\"https://cdn.ngrok.com/static/fonts/euclid-square/EuclidSquare-Regular-WebS.woff\" as=\"font\" type=\"font/woff\" crossorigin=\"anonymous\" />\n    <link rel=\"preload\" href=\"https://cdn.ngrok.com/static/fonts/euclid-square/EuclidSquare-RegularItalic-WebS.woff\" as=\"font\" type=\"font/woff\" crossorigin=\"anonymous\" />\n    <link rel=\"preload\" href=\"https://cdn.ngrok.com/static/fonts/euclid-square/EuclidSquare-Medium-WebS.woff\" as=\"font\" type=\"font/woff\" crossorigin=\"anonymous\" />\n    <link rel=\"preload\" href=\"https://cdn.ngrok.com/static/fonts/euclid-square/EuclidSquare-Semibold-WebS.woff\" as=\"font\" type=\"font/woff\" crossorigin=\"anonymous\" />\n    <link rel=\"preload\" href=\"https://cdn.ngrok.com/static/fonts/euclid-square/EuclidSquare-MediumItalic-WebS.woff\" as=\"font\" type=\"font/woff\" crossorigin=\"anonymous\" />\n    <link rel=\"preload\" href=\"https://cdn.ngrok.com/static/fonts/ibm-plex-mono/IBMPlexMono-Text.woff\" as=\"font\" type=\"font/woff\" crossorigin=\"anonymous\" />\n    <link rel=\"preload\" href=\"https://cdn.ngrok.com/static/fonts/ibm-plex-mono/IBMPlexMono-TextItalic.woff\" as=\"font\" type=\"font/woff\" crossorigin=\"anonymous\" />\n    <link rel=\"preload\" href=\"https://cdn.ngrok.com/static/fonts/ibm-plex-mono/IBMPlexMono-SemiBold.woff\" as=\"font\" type=\"font/woff\" crossorigin=\"anonymous\" />\n    <link rel=\"preload\" href=\"https://cdn.ngrok.com/static/fonts/ibm-plex-mono/IBMPlexMono-SemiBoldItalic.woff\" as=\"font\" type=\"font/woff\" crossorigin=\"anonymous\" />\n    <meta charset=\"utf-8\">\n    <meta name=\"author\" content=\"ngrok\">\n    <meta name=\"description\" content=\"ngrok is the fastest way to put anything on the internet with a single command.\">\n    <meta name=\"robots\" content=\"noindex, nofollow\">\n    <meta name=\"viewport\" content=\"width=device-width, initial-scale=1\">\n    <link id=\"style\" rel=\"stylesheet\" href=\"https://cdn.ngrok.com/static/css/error.css\">\n    <noscript>Traffic successfully made it to the ngrok agent, but the agent failed to establish a connection to the upstream web service at localhost:3000. (ERR_NGROK_8012)</noscript>\n    <script id=\"script\" src=\"https://cdn.ngrok.com/static/js/error.js\" type=\"text/javascript\"></script>\n  </head>\n  <body class=\"h-full\" id=\"ngrok\">\n    <div id=\"root\" data-payload=\"eyJhZGRyIjoibG9jYWxob3N0OjMwMDAiLCJjZG5CYXNlIjoiaHR0cHM6Ly9jZG4ubmdyb2suY29tLyIsImNvZGUiOiI4MDEyIiwiZXJyb3JUZXh0IjoiZGlhbCB0Y3AgWzo6MV06MzAwMDogY29ubmVjdGV4OiBObyBjb25uZWN0aW9uIGNvdWxkIGJlIG1hZGUgYmVjYXVzZSB0aGUgdGFyZ2V0IG1hY2hpbmUgYWN0aXZlbHkgcmVmdXNlZCBpdC4iLCJtZXNzYWdlIjoiVHJhZmZpYyBzdWNjZXNzZnVsbHkgbWFkZSBpdCB0byB0aGUgbmdyb2sgYWdlbnQsIGJ1dCB0aGUgYWdlbnQgZmFpbGVkIHRvIGVzdGFibGlzaCBhIGNvbm5lY3Rpb24gdG8gdGhlIHVwc3RyZWFtIHdlYiBzZXJ2aWNlIGF0IGxvY2FsaG9zdDozMDAwLiIsInNjaGVtZSI6Imh0dHAiLCJ0aXRsZSI6IkJhZCBSZXF1ZXN0In0=\"></div>\n  </body>\n</html>\n"
[2025-10-28T23:15:20.867Z] ERROR: ❌ Error sending IPN: "<!DOCTYPE html>\n<html class=\"h-full\" lang=\"en-US\" dir=\"ltr\">\n  <head>\n    <link rel=\"preload\" href=\"https://cdn.ngrok.com/static/fonts/euclid-square/EuclidSquare-Regular-WebS.woff\" as=\"font\" type=\"font/woff\" crossorigin=\"anonymous\" />\n    <link rel=\"preload\" href=\"https://cdn.ngrok.com/static/fonts/euclid-square/EuclidSquare-RegularItalic-WebS.woff\" as=\"font\" type=\"font/woff\" crossorigin=\"anonymous\" />\n    <link rel=\"preload\" href=\"https://cdn.ngrok.com/static/fonts/euclid-square/EuclidSquare-Medium-WebS.woff\" as=\"font\" type=\"font/woff\" crossorigin=\"anonymous\" />\n    <link rel=\"preload\" href=\"https://cdn.ngrok.com/static/fonts/euclid-square/EuclidSquare-Semibold-WebS.woff\" as=\"font\" type=\"font/woff\" crossorigin=\"anonymous\" />\n    <link rel=\"preload\" href=\"https://cdn.ngrok.com/static/fonts/euclid-square/EuclidSquare-MediumItalic-WebS.woff\" as=\"font\" type=\"font/woff\" crossorigin=\"anonymous\" />\n    <link rel=\"preload\" href=\"https://cdn.ngrok.com/static/fonts/ibm-plex-mono/IBMPlexMono-Text.woff\" as=\"font\" type=\"font/woff\" crossorigin=\"anonymous\" />\n    <link rel=\"preload\" href=\"https://cdn.ngrok.com/static/fonts/ibm-plex-mono/IBMPlexMono-TextItalic.woff\" as=\"font\" type=\"font/woff\" crossorigin=\"anonymous\" />\n    <link rel=\"preload\" href=\"https://cdn.ngrok.com/static/fonts/ibm-plex-mono/IBMPlexMono-SemiBold.woff\" as=\"font\" type=\"font/woff\" crossorigin=\"anonymous\" />\n    <link rel=\"preload\" href=\"https://cdn.ngrok.com/static/fonts/ibm-plex-mono/IBMPlexMono-SemiBoldItalic.woff\" as=\"font\" type=\"font/woff\" crossorigin=\"anonymous\" />\n    <meta charset=\"utf-8\">\n    <meta name=\"author\" content=\"ngrok\">\n    <meta name=\"description\" content=\"ngrok is the fastest way to put anything on the internet with a single command.\">\n    <meta name=\"robots\" content=\"noindex, nofollow\">\n    <meta name=\"viewport\" content=\"width=device-width, initial-scale=1\">\n    <link id=\"style\" rel=\"stylesheet\" href=\"https://cdn.ngrok.com/static/css/error.css\">\n    <noscript>Traffic successfully made it to the ngrok agent, but the agent failed to establish a connection to the upstream web service at localhost:3000. (ERR_NGROK_8012)</noscript>\n    <script id=\"script\" src=\"https://cdn.ngrok.com/static/js/error.js\" type=\"text/javascript\"></script>\n  </head>\n  <body class=\"h-full\" id=\"ngrok\">\n    <div id=\"root\" data-payload=\"eyJhZGRyIjoibG9jYWxob3N0OjMwMDAiLCJjZG5CYXNlIjoiaHR0cHM6Ly9jZG4ubmdyb2suY29tLyIsImNvZGUiOiI4MDEyIiwiZXJyb3JUZXh0IjoiZGlhbCB0Y3AgWzo6MV06MzAwMDogY29ubmVjdGV4OiBObyBjb25uZWN0aW9uIGNvdWxkIGJlIG1hZGUgYmVjYXVzZSB0aGUgdGFyZ2V0IG1hY2hpbmUgYWN0aXZlbHkgcmVmdXNlZCBpdC4iLCJtZXNzYWdlIjoiVHJhZmZpYyBzdWNjZXNzZnVsbHkgbWFkZSBpdCB0byB0aGUgbmdyb2sgYWdlbnQsIGJ1dCB0aGUgYWdlbnQgZmFpbGVkIHRvIGVzdGFibGlzaCBhIGNvbm5lY3Rpb24gdG8gdGhlIHVwc3RyZWFtIHdlYiBzZXJ2aWNlIGF0IGxvY2FsaG9zdDozMDAwLiIsInNjaGVtZSI6Imh0dHAiLCJ0aXRsZSI6IkJhZCBSZXF1ZXN0In0=\"></div>\n  </body>\n</html>\n"
[2025-10-28T23:16:20.982Z] ERROR: ❌ Error sending IPN: "<!DOCTYPE html>\n<html class=\"h-full\" lang=\"en-US\" dir=\"ltr\">\n  <head>\n    <link rel=\"preload\" href=\"https://cdn.ngrok.com/static/fonts/euclid-square/EuclidSquare-Regular-WebS.woff\" as=\"font\" type=\"font/woff\" crossorigin=\"anonymous\" />\n    <link rel=\"preload\" href=\"https://cdn.ngrok.com/static/fonts/euclid-square/EuclidSquare-RegularItalic-WebS.woff\" as=\"font\" type=\"font/woff\" crossorigin=\"anonymous\" />\n    <link rel=\"preload\" href=\"https://cdn.ngrok.com/static/fonts/euclid-square/EuclidSquare-Medium-WebS.woff\" as=\"font\" type=\"font/woff\" crossorigin=\"anonymous\" />\n    <link rel=\"preload\" href=\"https://cdn.ngrok.com/static/fonts/euclid-square/EuclidSquare-Semibold-WebS.woff\" as=\"font\" type=\"font/woff\" crossorigin=\"anonymous\" />\n    <link rel=\"preload\" href=\"https://cdn.ngrok.com/static/fonts/euclid-square/EuclidSquare-MediumItalic-WebS.woff\" as=\"font\" type=\"font/woff\" crossorigin=\"anonymous\" />\n    <link rel=\"preload\" href=\"https://cdn.ngrok.com/static/fonts/ibm-plex-mono/IBMPlexMono-Text.woff\" as=\"font\" type=\"font/woff\" crossorigin=\"anonymous\" />\n    <link rel=\"preload\" href=\"https://cdn.ngrok.com/static/fonts/ibm-plex-mono/IBMPlexMono-TextItalic.woff\" as=\"font\" type=\"font/woff\" crossorigin=\"anonymous\" />\n    <link rel=\"preload\" href=\"https://cdn.ngrok.com/static/fonts/ibm-plex-mono/IBMPlexMono-SemiBold.woff\" as=\"font\" type=\"font/woff\" crossorigin=\"anonymous\" />\n    <link rel=\"preload\" href=\"https://cdn.ngrok.com/static/fonts/ibm-plex-mono/IBMPlexMono-SemiBoldItalic.woff\" as=\"font\" type=\"font/woff\" crossorigin=\"anonymous\" />\n    <meta charset=\"utf-8\">\n    <meta name=\"author\" content=\"ngrok\">\n    <meta name=\"description\" content=\"ngrok is the fastest way to put anything on the internet with a single command.\">\n    <meta name=\"robots\" content=\"noindex, nofollow\">\n    <meta name=\"viewport\" content=\"width=device-width, initial-scale=1\">\n    <link id=\"style\" rel=\"stylesheet\" href=\"https://cdn.ngrok.com/static/css/error.css\">\n    <noscript>Traffic successfully made it to the ngrok agent, but the agent failed to establish a connection to the upstream web service at localhost:3000. (ERR_NGROK_8012)</noscript>\n    <script id=\"script\" src=\"https://cdn.ngrok.com/static/js/error.js\" type=\"text/javascript\"></script>\n  </head>\n  <body class=\"h-full\" id=\"ngrok\">\n    <div id=\"root\" data-payload=\"eyJhZGRyIjoibG9jYWxob3N0OjMwMDAiLCJjZG5CYXNlIjoiaHR0cHM6Ly9jZG4ubmdyb2suY29tLyIsImNvZGUiOiI4MDEyIiwiZXJyb3JUZXh0IjoiZGlhbCB0Y3AgWzo6MV06MzAwMDogY29ubmVjdGV4OiBObyBjb25uZWN0aW9uIGNvdWxkIGJlIG1hZGUgYmVjYXVzZSB0aGUgdGFyZ2V0IG1hY2hpbmUgYWN0aXZlbHkgcmVmdXNlZCBpdC4iLCJtZXNzYWdlIjoiVHJhZmZpYyBzdWNjZXNzZnVsbHkgbWFkZSBpdCB0byB0aGUgbmdyb2sgYWdlbnQsIGJ1dCB0aGUgYWdlbnQgZmFpbGVkIHRvIGVzdGFibGlzaCBhIGNvbm5lY3Rpb24gdG8gdGhlIHVwc3RyZWFtIHdlYiBzZXJ2aWNlIGF0IGxvY2FsaG9zdDozMDAwLiIsInNjaGVtZSI6Imh0dHAiLCJ0aXRsZSI6IkJhZCBSZXF1ZXN0In0=\"></div>\n  </body>\n</html>\n"
[2025-10-28T23:16:50.761Z] ERROR: ❌ Error sending IPN: "<!DOCTYPE html>\n<html class=\"h-full\" lang=\"en-US\" dir=\"ltr\">\n  <head>\n    <link rel=\"preload\" href=\"https://cdn.ngrok.com/static/fonts/euclid-square/EuclidSquare-Regular-WebS.woff\" as=\"font\" type=\"font/woff\" crossorigin=\"anonymous\" />\n    <link rel=\"preload\" href=\"https://cdn.ngrok.com/static/fonts/euclid-square/EuclidSquare-RegularItalic-WebS.woff\" as=\"font\" type=\"font/woff\" crossorigin=\"anonymous\" />\n    <link rel=\"preload\" href=\"https://cdn.ngrok.com/static/fonts/euclid-square/EuclidSquare-Medium-WebS.woff\" as=\"font\" type=\"font/woff\" crossorigin=\"anonymous\" />\n    <link rel=\"preload\" href=\"https://cdn.ngrok.com/static/fonts/euclid-square/EuclidSquare-Semibold-WebS.woff\" as=\"font\" type=\"font/woff\" crossorigin=\"anonymous\" />\n    <link rel=\"preload\" href=\"https://cdn.ngrok.com/static/fonts/euclid-square/EuclidSquare-MediumItalic-WebS.woff\" as=\"font\" type=\"font/woff\" crossorigin=\"anonymous\" />\n    <link rel=\"preload\" href=\"https://cdn.ngrok.com/static/fonts/ibm-plex-mono/IBMPlexMono-Text.woff\" as=\"font\" type=\"font/woff\" crossorigin=\"anonymous\" />\n    <link rel=\"preload\" href=\"https://cdn.ngrok.com/static/fonts/ibm-plex-mono/IBMPlexMono-TextItalic.woff\" as=\"font\" type=\"font/woff\" crossorigin=\"anonymous\" />\n    <link rel=\"preload\" href=\"https://cdn.ngrok.com/static/fonts/ibm-plex-mono/IBMPlexMono-SemiBold.woff\" as=\"font\" type=\"font/woff\" crossorigin=\"anonymous\" />\n    <link rel=\"preload\" href=\"https://cdn.ngrok.com/static/fonts/ibm-plex-mono/IBMPlexMono-SemiBoldItalic.woff\" as=\"font\" type=\"font/woff\" crossorigin=\"anonymous\" />\n    <meta charset=\"utf-8\">\n    <meta name=\"author\" content=\"ngrok\">\n    <meta name=\"description\" content=\"ngrok is the fastest way to put anything on the internet with a single command.\">\n    <meta name=\"robots\" content=\"noindex, nofollow\">\n    <meta name=\"viewport\" content=\"width=device-width, initial-scale=1\">\n    <link id=\"style\" rel=\"stylesheet\" href=\"https://cdn.ngrok.com/static/css/error.css\">\n    <noscript>Traffic successfully made it to the ngrok agent, but the agent failed to establish a connection to the upstream web service at localhost:3000. (ERR_NGROK_8012)</noscript>\n    <script id=\"script\" src=\"https://cdn.ngrok.com/static/js/error.js\" type=\"text/javascript\"></script>\n  </head>\n  <body class=\"h-full\" id=\"ngrok\">\n    <div id=\"root\" data-payload=\"eyJhZGRyIjoibG9jYWxob3N0OjMwMDAiLCJjZG5CYXNlIjoiaHR0cHM6Ly9jZG4ubmdyb2suY29tLyIsImNvZGUiOiI4MDEyIiwiZXJyb3JUZXh0IjoiZGlhbCB0Y3AgWzo6MV06MzAwMDogY29ubmVjdGV4OiBObyBjb25uZWN0aW9uIGNvdWxkIGJlIG1hZGUgYmVjYXVzZSB0aGUgdGFyZ2V0IG1hY2hpbmUgYWN0aXZlbHkgcmVmdXNlZCBpdC4iLCJtZXNzYWdlIjoiVHJhZmZpYyBzdWNjZXNzZnVsbHkgbWFkZSBpdCB0byB0aGUgbmdyb2sgYWdlbnQsIGJ1dCB0aGUgYWdlbnQgZmFpbGVkIHRvIGVzdGFibGlzaCBhIGNvbm5lY3Rpb24gdG8gdGhlIHVwc3RyZWFtIHdlYiBzZXJ2aWNlIGF0IGxvY2FsaG9zdDozMDAwLiIsInNjaGVtZSI6Imh0dHAiLCJ0aXRsZSI6IkJhZCBSZXF1ZXN0In0=\"></div>\n  </body>\n</html>\n"
[2025-10-28T23:19:22.698Z] ERROR: ❌ Error sending IPN: "<!DOCTYPE html>\n<html class=\"h-full\" lang=\"en-US\" dir=\"ltr\">\n  <head>\n    <link rel=\"preload\" href=\"https://cdn.ngrok.com/static/fonts/euclid-square/EuclidSquare-Regular-WebS.woff\" as=\"font\" type=\"font/woff\" crossorigin=\"anonymous\" />\n    <link rel=\"preload\" href=\"https://cdn.ngrok.com/static/fonts/euclid-square/EuclidSquare-RegularItalic-WebS.woff\" as=\"font\" type=\"font/woff\" crossorigin=\"anonymous\" />\n    <link rel=\"preload\" href=\"https://cdn.ngrok.com/static/fonts/euclid-square/EuclidSquare-Medium-WebS.woff\" as=\"font\" type=\"font/woff\" crossorigin=\"anonymous\" />\n    <link rel=\"preload\" href=\"https://cdn.ngrok.com/static/fonts/euclid-square/EuclidSquare-Semibold-WebS.woff\" as=\"font\" type=\"font/woff\" crossorigin=\"anonymous\" />\n    <link rel=\"preload\" href=\"https://cdn.ngrok.com/static/fonts/euclid-square/EuclidSquare-MediumItalic-WebS.woff\" as=\"font\" type=\"font/woff\" crossorigin=\"anonymous\" />\n    <link rel=\"preload\" href=\"https://cdn.ngrok.com/static/fonts/ibm-plex-mono/IBMPlexMono-Text.woff\" as=\"font\" type=\"font/woff\" crossorigin=\"anonymous\" />\n    <link rel=\"preload\" href=\"https://cdn.ngrok.com/static/fonts/ibm-plex-mono/IBMPlexMono-TextItalic.woff\" as=\"font\" type=\"font/woff\" crossorigin=\"anonymous\" />\n    <link rel=\"preload\" href=\"https://cdn.ngrok.com/static/fonts/ibm-plex-mono/IBMPlexMono-SemiBold.woff\" as=\"font\" type=\"font/woff\" crossorigin=\"anonymous\" />\n    <link rel=\"preload\" href=\"https://cdn.ngrok.com/static/fonts/ibm-plex-mono/IBMPlexMono-SemiBoldItalic.woff\" as=\"font\" type=\"font/woff\" crossorigin=\"anonymous\" />\n    <meta charset=\"utf-8\">\n    <meta name=\"author\" content=\"ngrok\">\n    <meta name=\"description\" content=\"ngrok is the fastest way to put anything on the internet with a single command.\">\n    <meta name=\"robots\" content=\"noindex, nofollow\">\n    <meta name=\"viewport\" content=\"width=device-width, initial-scale=1\">\n    <link id=\"style\" rel=\"stylesheet\" href=\"https://cdn.ngrok.com/static/css/error.css\">\n    <noscript>Traffic successfully made it to the ngrok agent, but the agent failed to establish a connection to the upstream web service at localhost:3000. (ERR_NGROK_8012)</noscript>\n    <script id=\"script\" src=\"https://cdn.ngrok.com/static/js/error.js\" type=\"text/javascript\"></script>\n  </head>\n  <body class=\"h-full\" id=\"ngrok\">\n    <div id=\"root\" data-payload=\"eyJhZGRyIjoibG9jYWxob3N0OjMwMDAiLCJjZG5CYXNlIjoiaHR0cHM6Ly9jZG4ubmdyb2suY29tLyIsImNvZGUiOiI4MDEyIiwiZXJyb3JUZXh0IjoiZGlhbCB0Y3AgWzo6MV06MzAwMDogY29ubmVjdGV4OiBObyBjb25uZWN0aW9uIGNvdWxkIGJlIG1hZGUgYmVjYXVzZSB0aGUgdGFyZ2V0IG1hY2hpbmUgYWN0aXZlbHkgcmVmdXNlZCBpdC4iLCJtZXNzYWdlIjoiVHJhZmZpYyBzdWNjZXNzZnVsbHkgbWFkZSBpdCB0byB0aGUgbmdyb2sgYWdlbnQsIGJ1dCB0aGUgYWdlbnQgZmFpbGVkIHRvIGVzdGFibGlzaCBhIGNvbm5lY3Rpb24gdG8gdGhlIHVwc3RyZWFtIHdlYiBzZXJ2aWNlIGF0IGxvY2FsaG9zdDozMDAwLiIsInNjaGVtZSI6Imh0dHAiLCJ0aXRsZSI6IkJhZCBSZXF1ZXN0In0=\"></div>\n  </body>\n</html>\n"
[2025-10-28T23:20:51.055Z] ERROR: ❌ Error sending IPN: "<!DOCTYPE html>\n<html class=\"h-full\" lang=\"en-US\" dir=\"ltr\">\n  <head>\n    <link rel=\"preload\" href=\"https://cdn.ngrok.com/static/fonts/euclid-square/EuclidSquare-Regular-WebS.woff\" as=\"font\" type=\"font/woff\" crossorigin=\"anonymous\" />\n    <link rel=\"preload\" href=\"https://cdn.ngrok.com/static/fonts/euclid-square/EuclidSquare-RegularItalic-WebS.woff\" as=\"font\" type=\"font/woff\" crossorigin=\"anonymous\" />\n    <link rel=\"preload\" href=\"https://cdn.ngrok.com/static/fonts/euclid-square/EuclidSquare-Medium-WebS.woff\" as=\"font\" type=\"font/woff\" crossorigin=\"anonymous\" />\n    <link rel=\"preload\" href=\"https://cdn.ngrok.com/static/fonts/euclid-square/EuclidSquare-Semibold-WebS.woff\" as=\"font\" type=\"font/woff\" crossorigin=\"anonymous\" />\n    <link rel=\"preload\" href=\"https://cdn.ngrok.com/static/fonts/euclid-square/EuclidSquare-MediumItalic-WebS.woff\" as=\"font\" type=\"font/woff\" crossorigin=\"anonymous\" />\n    <link rel=\"preload\" href=\"https://cdn.ngrok.com/static/fonts/ibm-plex-mono/IBMPlexMono-Text.woff\" as=\"font\" type=\"font/woff\" crossorigin=\"anonymous\" />\n    <link rel=\"preload\" href=\"https://cdn.ngrok.com/static/fonts/ibm-plex-mono/IBMPlexMono-TextItalic.woff\" as=\"font\" type=\"font/woff\" crossorigin=\"anonymous\" />\n    <link rel=\"preload\" href=\"https://cdn.ngrok.com/static/fonts/ibm-plex-mono/IBMPlexMono-SemiBold.woff\" as=\"font\" type=\"font/woff\" crossorigin=\"anonymous\" />\n    <link rel=\"preload\" href=\"https://cdn.ngrok.com/static/fonts/ibm-plex-mono/IBMPlexMono-SemiBoldItalic.woff\" as=\"font\" type=\"font/woff\" crossorigin=\"anonymous\" />\n    <meta charset=\"utf-8\">\n    <meta name=\"author\" content=\"ngrok\">\n    <meta name=\"description\" content=\"ngrok is the fastest way to put anything on the internet with a single command.\">\n    <meta name=\"robots\" content=\"noindex, nofollow\">\n    <meta name=\"viewport\" content=\"width=device-width, initial-scale=1\">\n    <link id=\"style\" rel=\"stylesheet\" href=\"https://cdn.ngrok.com/static/css/error.css\">\n    <noscript>Traffic successfully made it to the ngrok agent, but the agent failed to establish a connection to the upstream web service at localhost:3000. (ERR_NGROK_8012)</noscript>\n    <script id=\"script\" src=\"https://cdn.ngrok.com/static/js/error.js\" type=\"text/javascript\"></script>\n  </head>\n  <body class=\"h-full\" id=\"ngrok\">\n    <div id=\"root\" data-payload=\"eyJhZGRyIjoibG9jYWxob3N0OjMwMDAiLCJjZG5CYXNlIjoiaHR0cHM6Ly9jZG4ubmdyb2suY29tLyIsImNvZGUiOiI4MDEyIiwiZXJyb3JUZXh0IjoiZGlhbCB0Y3AgWzo6MV06MzAwMDogY29ubmVjdGV4OiBObyBjb25uZWN0aW9uIGNvdWxkIGJlIG1hZGUgYmVjYXVzZSB0aGUgdGFyZ2V0IG1hY2hpbmUgYWN0aXZlbHkgcmVmdXNlZCBpdC4iLCJtZXNzYWdlIjoiVHJhZmZpYyBzdWNjZXNzZnVsbHkgbWFkZSBpdCB0byB0aGUgbmdyb2sgYWdlbnQsIGJ1dCB0aGUgYWdlbnQgZmFpbGVkIHRvIGVzdGFibGlzaCBhIGNvbm5lY3Rpb24gdG8gdGhlIHVwc3RyZWFtIHdlYiBzZXJ2aWNlIGF0IGxvY2FsaG9zdDozMDAwLiIsInNjaGVtZSI6Imh0dHAiLCJ0aXRsZSI6IkJhZCBSZXF1ZXN0In0=\"></div>\n  </body>\n</html>\n"
[2025-10-28T23:21:20.012Z] ERROR: ❌ Error sending IPN: "<!DOCTYPE html>\n<html class=\"h-full\" lang=\"en-US\" dir=\"ltr\">\n  <head>\n    <link rel=\"preload\" href=\"https://cdn.ngrok.com/static/fonts/euclid-square/EuclidSquare-Regular-WebS.woff\" as=\"font\" type=\"font/woff\" crossorigin=\"anonymous\" />\n    <link rel=\"preload\" href=\"https://cdn.ngrok.com/static/fonts/euclid-square/EuclidSquare-RegularItalic-WebS.woff\" as=\"font\" type=\"font/woff\" crossorigin=\"anonymous\" />\n    <link rel=\"preload\" href=\"https://cdn.ngrok.com/static/fonts/euclid-square/EuclidSquare-Medium-WebS.woff\" as=\"font\" type=\"font/woff\" crossorigin=\"anonymous\" />\n    <link rel=\"preload\" href=\"https://cdn.ngrok.com/static/fonts/euclid-square/EuclidSquare-Semibold-WebS.woff\" as=\"font\" type=\"font/woff\" crossorigin=\"anonymous\" />\n    <link rel=\"preload\" href=\"https://cdn.ngrok.com/static/fonts/euclid-square/EuclidSquare-MediumItalic-WebS.woff\" as=\"font\" type=\"font/woff\" crossorigin=\"anonymous\" />\n    <link rel=\"preload\" href=\"https://cdn.ngrok.com/static/fonts/ibm-plex-mono/IBMPlexMono-Text.woff\" as=\"font\" type=\"font/woff\" crossorigin=\"anonymous\" />\n    <link rel=\"preload\" href=\"https://cdn.ngrok.com/static/fonts/ibm-plex-mono/IBMPlexMono-TextItalic.woff\" as=\"font\" type=\"font/woff\" crossorigin=\"anonymous\" />\n    <link rel=\"preload\" href=\"https://cdn.ngrok.com/static/fonts/ibm-plex-mono/IBMPlexMono-SemiBold.woff\" as=\"font\" type=\"font/woff\" crossorigin=\"anonymous\" />\n    <link rel=\"preload\" href=\"https://cdn.ngrok.com/static/fonts/ibm-plex-mono/IBMPlexMono-SemiBoldItalic.woff\" as=\"font\" type=\"font/woff\" crossorigin=\"anonymous\" />\n    <meta charset=\"utf-8\">\n    <meta name=\"author\" content=\"ngrok\">\n    <meta name=\"description\" content=\"ngrok is the fastest way to put anything on the internet with a single command.\">\n    <meta name=\"robots\" content=\"noindex, nofollow\">\n    <meta name=\"viewport\" content=\"width=device-width, initial-scale=1\">\n    <link id=\"style\" rel=\"stylesheet\" href=\"https://cdn.ngrok.com/static/css/error.css\">\n    <noscript>Traffic successfully made it to the ngrok agent, but the agent failed to establish a connection to the upstream web service at localhost:3000. (ERR_NGROK_8012)</noscript>\n    <script id=\"script\" src=\"https://cdn.ngrok.com/static/js/error.js\" type=\"text/javascript\"></script>\n  </head>\n  <body class=\"h-full\" id=\"ngrok\">\n    <div id=\"root\" data-payload=\"eyJhZGRyIjoibG9jYWxob3N0OjMwMDAiLCJjZG5CYXNlIjoiaHR0cHM6Ly9jZG4ubmdyb2suY29tLyIsImNvZGUiOiI4MDEyIiwiZXJyb3JUZXh0IjoiZGlhbCB0Y3AgWzo6MV06MzAwMDogY29ubmVjdGV4OiBObyBjb25uZWN0aW9uIGNvdWxkIGJlIG1hZGUgYmVjYXVzZSB0aGUgdGFyZ2V0IG1hY2hpbmUgYWN0aXZlbHkgcmVmdXNlZCBpdC4iLCJtZXNzYWdlIjoiVHJhZmZpYyBzdWNjZXNzZnVsbHkgbWFkZSBpdCB0byB0aGUgbmdyb2sgYWdlbnQsIGJ1dCB0aGUgYWdlbnQgZmFpbGVkIHRvIGVzdGFibGlzaCBhIGNvbm5lY3Rpb24gdG8gdGhlIHVwc3RyZWFtIHdlYiBzZXJ2aWNlIGF0IGxvY2FsaG9zdDozMDAwLiIsInNjaGVtZSI6Imh0dHAiLCJ0aXRsZSI6IkJhZCBSZXF1ZXN0In0=\"></div>\n  </body>\n</html>\n"
[2025-10-28T23:22:52.163Z] ERROR: ❌ Error sending IPN: "<!DOCTYPE html>\n<html class=\"h-full\" lang=\"en-US\" dir=\"ltr\">\n  <head>\n    <link rel=\"preload\" href=\"https://cdn.ngrok.com/static/fonts/euclid-square/EuclidSquare-Regular-WebS.woff\" as=\"font\" type=\"font/woff\" crossorigin=\"anonymous\" />\n    <link rel=\"preload\" href=\"https://cdn.ngrok.com/static/fonts/euclid-square/EuclidSquare-RegularItalic-WebS.woff\" as=\"font\" type=\"font/woff\" crossorigin=\"anonymous\" />\n    <link rel=\"preload\" href=\"https://cdn.ngrok.com/static/fonts/euclid-square/EuclidSquare-Medium-WebS.woff\" as=\"font\" type=\"font/woff\" crossorigin=\"anonymous\" />\n    <link rel=\"preload\" href=\"https://cdn.ngrok.com/static/fonts/euclid-square/EuclidSquare-Semibold-WebS.woff\" as=\"font\" type=\"font/woff\" crossorigin=\"anonymous\" />\n    <link rel=\"preload\" href=\"https://cdn.ngrok.com/static/fonts/euclid-square/EuclidSquare-MediumItalic-WebS.woff\" as=\"font\" type=\"font/woff\" crossorigin=\"anonymous\" />\n    <link rel=\"preload\" href=\"https://cdn.ngrok.com/static/fonts/ibm-plex-mono/IBMPlexMono-Text.woff\" as=\"font\" type=\"font/woff\" crossorigin=\"anonymous\" />\n    <link rel=\"preload\" href=\"https://cdn.ngrok.com/static/fonts/ibm-plex-mono/IBMPlexMono-TextItalic.woff\" as=\"font\" type=\"font/woff\" crossorigin=\"anonymous\" />\n    <link rel=\"preload\" href=\"https://cdn.ngrok.com/static/fonts/ibm-plex-mono/IBMPlexMono-SemiBold.woff\" as=\"font\" type=\"font/woff\" crossorigin=\"anonymous\" />\n    <link rel=\"preload\" href=\"https://cdn.ngrok.com/static/fonts/ibm-plex-mono/IBMPlexMono-SemiBoldItalic.woff\" as=\"font\" type=\"font/woff\" crossorigin=\"anonymous\" />\n    <meta charset=\"utf-8\">\n    <meta name=\"author\" content=\"ngrok\">\n    <meta name=\"description\" content=\"ngrok is the fastest way to put anything on the internet with a single command.\">\n    <meta name=\"robots\" content=\"noindex, nofollow\">\n    <meta name=\"viewport\" content=\"width=device-width, initial-scale=1\">\n    <link id=\"style\" rel=\"stylesheet\" href=\"https://cdn.ngrok.com/static/css/error.css\">\n    <noscript>Traffic successfully made it to the ngrok agent, but the agent failed to establish a connection to the upstream web service at localhost:3000. (ERR_NGROK_8012)</noscript>\n    <script id=\"script\" src=\"https://cdn.ngrok.com/static/js/error.js\" type=\"text/javascript\"></script>\n  </head>\n  <body class=\"h-full\" id=\"ngrok\">\n    <div id=\"root\" data-payload=\"eyJhZGRyIjoibG9jYWxob3N0OjMwMDAiLCJjZG5CYXNlIjoiaHR0cHM6Ly9jZG4ubmdyb2suY29tLyIsImNvZGUiOiI4MDEyIiwiZXJyb3JUZXh0IjoiZGlhbCB0Y3AgWzo6MV06MzAwMDogY29ubmVjdGV4OiBObyBjb25uZWN0aW9uIGNvdWxkIGJlIG1hZGUgYmVjYXVzZSB0aGUgdGFyZ2V0IG1hY2hpbmUgYWN0aXZlbHkgcmVmdXNlZCBpdC4iLCJtZXNzYWdlIjoiVHJhZmZpYyBzdWNjZXNzZnVsbHkgbWFkZSBpdCB0byB0aGUgbmdyb2sgYWdlbnQsIGJ1dCB0aGUgYWdlbnQgZmFpbGVkIHRvIGVzdGFibGlzaCBhIGNvbm5lY3Rpb24gdG8gdGhlIHVwc3RyZWFtIHdlYiBzZXJ2aWNlIGF0IGxvY2FsaG9zdDozMDAwLiIsInNjaGVtZSI6Imh0dHAiLCJ0aXRsZSI6IkJhZCBSZXF1ZXN0In0=\"></div>\n  </body>\n</html>\n"
[2025-10-28T23:23:51.195Z] ERROR: ❌ Error sending IPN: "<!DOCTYPE html>\n<html class=\"h-full\" lang=\"en-US\" dir=\"ltr\">\n  <head>\n    <link rel=\"preload\" href=\"https://cdn.ngrok.com/static/fonts/euclid-square/EuclidSquare-Regular-WebS.woff\" as=\"font\" type=\"font/woff\" crossorigin=\"anonymous\" />\n    <link rel=\"preload\" href=\"https://cdn.ngrok.com/static/fonts/euclid-square/EuclidSquare-RegularItalic-WebS.woff\" as=\"font\" type=\"font/woff\" crossorigin=\"anonymous\" />\n    <link rel=\"preload\" href=\"https://cdn.ngrok.com/static/fonts/euclid-square/EuclidSquare-Medium-WebS.woff\" as=\"font\" type=\"font/woff\" crossorigin=\"anonymous\" />\n    <link rel=\"preload\" href=\"https://cdn.ngrok.com/static/fonts/euclid-square/EuclidSquare-Semibold-WebS.woff\" as=\"font\" type=\"font/woff\" crossorigin=\"anonymous\" />\n    <link rel=\"preload\" href=\"https://cdn.ngrok.com/static/fonts/euclid-square/EuclidSquare-MediumItalic-WebS.woff\" as=\"font\" type=\"font/woff\" crossorigin=\"anonymous\" />\n    <link rel=\"preload\" href=\"https://cdn.ngrok.com/static/fonts/ibm-plex-mono/IBMPlexMono-Text.woff\" as=\"font\" type=\"font/woff\" crossorigin=\"anonymous\" />\n    <link rel=\"preload\" href=\"https://cdn.ngrok.com/static/fonts/ibm-plex-mono/IBMPlexMono-TextItalic.woff\" as=\"font\" type=\"font/woff\" crossorigin=\"anonymous\" />\n    <link rel=\"preload\" href=\"https://cdn.ngrok.com/static/fonts/ibm-plex-mono/IBMPlexMono-SemiBold.woff\" as=\"font\" type=\"font/woff\" crossorigin=\"anonymous\" />\n    <link rel=\"preload\" href=\"https://cdn.ngrok.com/static/fonts/ibm-plex-mono/IBMPlexMono-SemiBoldItalic.woff\" as=\"font\" type=\"font/woff\" crossorigin=\"anonymous\" />\n    <meta charset=\"utf-8\">\n    <meta name=\"author\" content=\"ngrok\">\n    <meta name=\"description\" content=\"ngrok is the fastest way to put anything on the internet with a single command.\">\n    <meta name=\"robots\" content=\"noindex, nofollow\">\n    <meta name=\"viewport\" content=\"width=device-width, initial-scale=1\">\n    <link id=\"style\" rel=\"stylesheet\" href=\"https://cdn.ngrok.com/static/css/error.css\">\n    <noscript>Traffic successfully made it to the ngrok agent, but the agent failed to establish a connection to the upstream web service at localhost:3000. (ERR_NGROK_8012)</noscript>\n    <script id=\"script\" src=\"https://cdn.ngrok.com/static/js/error.js\" type=\"text/javascript\"></script>\n  </head>\n  <body class=\"h-full\" id=\"ngrok\">\n    <div id=\"root\" data-payload=\"eyJhZGRyIjoibG9jYWxob3N0OjMwMDAiLCJjZG5CYXNlIjoiaHR0cHM6Ly9jZG4ubmdyb2suY29tLyIsImNvZGUiOiI4MDEyIiwiZXJyb3JUZXh0IjoiZGlhbCB0Y3AgWzo6MV06MzAwMDogY29ubmVjdGV4OiBObyBjb25uZWN0aW9uIGNvdWxkIGJlIG1hZGUgYmVjYXVzZSB0aGUgdGFyZ2V0IG1hY2hpbmUgYWN0aXZlbHkgcmVmdXNlZCBpdC4iLCJtZXNzYWdlIjoiVHJhZmZpYyBzdWNjZXNzZnVsbHkgbWFkZSBpdCB0byB0aGUgbmdyb2sgYWdlbnQsIGJ1dCB0aGUgYWdlbnQgZmFpbGVkIHRvIGVzdGFibGlzaCBhIGNvbm5lY3Rpb24gdG8gdGhlIHVwc3RyZWFtIHdlYiBzZXJ2aWNlIGF0IGxvY2FsaG9zdDozMDAwLiIsInNjaGVtZSI6Imh0dHAiLCJ0aXRsZSI6IkJhZCBSZXF1ZXN0In0=\"></div>\n  </body>\n</html>\n"
[2025-10-28T23:25:20.427Z] ERROR: ❌ Error sending IPN: "<!DOCTYPE html>\n<html class=\"h-full\" lang=\"en-US\" dir=\"ltr\">\n  <head>\n    <link rel=\"preload\" href=\"https://cdn.ngrok.com/static/fonts/euclid-square/EuclidSquare-Regular-WebS.woff\" as=\"font\" type=\"font/woff\" crossorigin=\"anonymous\" />\n    <link rel=\"preload\" href=\"https://cdn.ngrok.com/static/fonts/euclid-square/EuclidSquare-RegularItalic-WebS.woff\" as=\"font\" type=\"font/woff\" crossorigin=\"anonymous\" />\n    <link rel=\"preload\" href=\"https://cdn.ngrok.com/static/fonts/euclid-square/EuclidSquare-Medium-WebS.woff\" as=\"font\" type=\"font/woff\" crossorigin=\"anonymous\" />\n    <link rel=\"preload\" href=\"https://cdn.ngrok.com/static/fonts/euclid-square/EuclidSquare-Semibold-WebS.woff\" as=\"font\" type=\"font/woff\" crossorigin=\"anonymous\" />\n    <link rel=\"preload\" href=\"https://cdn.ngrok.com/static/fonts/euclid-square/EuclidSquare-MediumItalic-WebS.woff\" as=\"font\" type=\"font/woff\" crossorigin=\"anonymous\" />\n    <link rel=\"preload\" href=\"https://cdn.ngrok.com/static/fonts/ibm-plex-mono/IBMPlexMono-Text.woff\" as=\"font\" type=\"font/woff\" crossorigin=\"anonymous\" />\n    <link rel=\"preload\" href=\"https://cdn.ngrok.com/static/fonts/ibm-plex-mono/IBMPlexMono-TextItalic.woff\" as=\"font\" type=\"font/woff\" crossorigin=\"anonymous\" />\n    <link rel=\"preload\" href=\"https://cdn.ngrok.com/static/fonts/ibm-plex-mono/IBMPlexMono-SemiBold.woff\" as=\"font\" type=\"font/woff\" crossorigin=\"anonymous\" />\n    <link rel=\"preload\" href=\"https://cdn.ngrok.com/static/fonts/ibm-plex-mono/IBMPlexMono-SemiBoldItalic.woff\" as=\"font\" type=\"font/woff\" crossorigin=\"anonymous\" />\n    <meta charset=\"utf-8\">\n    <meta name=\"author\" content=\"ngrok\">\n    <meta name=\"description\" content=\"ngrok is the fastest way to put anything on the internet with a single command.\">\n    <meta name=\"robots\" content=\"noindex, nofollow\">\n    <meta name=\"viewport\" content=\"width=device-width, initial-scale=1\">\n    <link id=\"style\" rel=\"stylesheet\" href=\"https://cdn.ngrok.com/static/css/error.css\">\n    <noscript>Traffic successfully made it to the ngrok agent, but the agent failed to establish a connection to the upstream web service at localhost:3000. (ERR_NGROK_8012)</noscript>\n    <script id=\"script\" src=\"https://cdn.ngrok.com/static/js/error.js\" type=\"text/javascript\"></script>\n  </head>\n  <body class=\"h-full\" id=\"ngrok\">\n    <div id=\"root\" data-payload=\"eyJhZGRyIjoibG9jYWxob3N0OjMwMDAiLCJjZG5CYXNlIjoiaHR0cHM6Ly9jZG4ubmdyb2suY29tLyIsImNvZGUiOiI4MDEyIiwiZXJyb3JUZXh0IjoiZGlhbCB0Y3AgWzo6MV06MzAwMDogY29ubmVjdGV4OiBObyBjb25uZWN0aW9uIGNvdWxkIGJlIG1hZGUgYmVjYXVzZSB0aGUgdGFyZ2V0IG1hY2hpbmUgYWN0aXZlbHkgcmVmdXNlZCBpdC4iLCJtZXNzYWdlIjoiVHJhZmZpYyBzdWNjZXNzZnVsbHkgbWFkZSBpdCB0byB0aGUgbmdyb2sgYWdlbnQsIGJ1dCB0aGUgYWdlbnQgZmFpbGVkIHRvIGVzdGFibGlzaCBhIGNvbm5lY3Rpb24gdG8gdGhlIHVwc3RyZWFtIHdlYiBzZXJ2aWNlIGF0IGxvY2FsaG9zdDozMDAwLiIsInNjaGVtZSI6Imh0dHAiLCJ0aXRsZSI6IkJhZCBSZXF1ZXN0In0=\"></div>\n  </body>\n</html>\n"
[2025-10-28T23:26:20.462Z] ERROR: ❌ Error sending IPN: "<!DOCTYPE html>\n<html class=\"h-full\" lang=\"en-US\" dir=\"ltr\">\n  <head>\n    <link rel=\"preload\" href=\"https://cdn.ngrok.com/static/fonts/euclid-square/EuclidSquare-Regular-WebS.woff\" as=\"font\" type=\"font/woff\" crossorigin=\"anonymous\" />\n    <link rel=\"preload\" href=\"https://cdn.ngrok.com/static/fonts/euclid-square/EuclidSquare-RegularItalic-WebS.woff\" as=\"font\" type=\"font/woff\" crossorigin=\"anonymous\" />\n    <link rel=\"preload\" href=\"https://cdn.ngrok.com/static/fonts/euclid-square/EuclidSquare-Medium-WebS.woff\" as=\"font\" type=\"font/woff\" crossorigin=\"anonymous\" />\n    <link rel=\"preload\" href=\"https://cdn.ngrok.com/static/fonts/euclid-square/EuclidSquare-Semibold-WebS.woff\" as=\"font\" type=\"font/woff\" crossorigin=\"anonymous\" />\n    <link rel=\"preload\" href=\"https://cdn.ngrok.com/static/fonts/euclid-square/EuclidSquare-MediumItalic-WebS.woff\" as=\"font\" type=\"font/woff\" crossorigin=\"anonymous\" />\n    <link rel=\"preload\" href=\"https://cdn.ngrok.com/static/fonts/ibm-plex-mono/IBMPlexMono-Text.woff\" as=\"font\" type=\"font/woff\" crossorigin=\"anonymous\" />\n    <link rel=\"preload\" href=\"https://cdn.ngrok.com/static/fonts/ibm-plex-mono/IBMPlexMono-TextItalic.woff\" as=\"font\" type=\"font/woff\" crossorigin=\"anonymous\" />\n    <link rel=\"preload\" href=\"https://cdn.ngrok.com/static/fonts/ibm-plex-mono/IBMPlexMono-SemiBold.woff\" as=\"font\" type=\"font/woff\" crossorigin=\"anonymous\" />\n    <link rel=\"preload\" href=\"https://cdn.ngrok.com/static/fonts/ibm-plex-mono/IBMPlexMono-SemiBoldItalic.woff\" as=\"font\" type=\"font/woff\" crossorigin=\"anonymous\" />\n    <meta charset=\"utf-8\">\n    <meta name=\"author\" content=\"ngrok\">\n    <meta name=\"description\" content=\"ngrok is the fastest way to put anything on the internet with a single command.\">\n    <meta name=\"robots\" content=\"noindex, nofollow\">\n    <meta name=\"viewport\" content=\"width=device-width, initial-scale=1\">\n    <link id=\"style\" rel=\"stylesheet\" href=\"https://cdn.ngrok.com/static/css/error.css\">\n    <noscript>Traffic successfully made it to the ngrok agent, but the agent failed to establish a connection to the upstream web service at localhost:3000. (ERR_NGROK_8012)</noscript>\n    <script id=\"script\" src=\"https://cdn.ngrok.com/static/js/error.js\" type=\"text/javascript\"></script>\n  </head>\n  <body class=\"h-full\" id=\"ngrok\">\n    <div id=\"root\" data-payload=\"eyJhZGRyIjoibG9jYWxob3N0OjMwMDAiLCJjZG5CYXNlIjoiaHR0cHM6Ly9jZG4ubmdyb2suY29tLyIsImNvZGUiOiI4MDEyIiwiZXJyb3JUZXh0IjoiZGlhbCB0Y3AgWzo6MV06MzAwMDogY29ubmVjdGV4OiBObyBjb25uZWN0aW9uIGNvdWxkIGJlIG1hZGUgYmVjYXVzZSB0aGUgdGFyZ2V0IG1hY2hpbmUgYWN0aXZlbHkgcmVmdXNlZCBpdC4iLCJtZXNzYWdlIjoiVHJhZmZpYyBzdWNjZXNzZnVsbHkgbWFkZSBpdCB0byB0aGUgbmdyb2sgYWdlbnQsIGJ1dCB0aGUgYWdlbnQgZmFpbGVkIHRvIGVzdGFibGlzaCBhIGNvbm5lY3Rpb24gdG8gdGhlIHVwc3RyZWFtIHdlYiBzZXJ2aWNlIGF0IGxvY2FsaG9zdDozMDAwLiIsInNjaGVtZSI6Imh0dHAiLCJ0aXRsZSI6IkJhZCBSZXF1ZXN0In0=\"></div>\n  </body>\n</html>\n"
[2025-10-28T23:26:52.548Z] ERROR: ❌ Error sending IPN: "<!DOCTYPE html>\n<html class=\"h-full\" lang=\"en-US\" dir=\"ltr\">\n  <head>\n    <link rel=\"preload\" href=\"https://cdn.ngrok.com/static/fonts/euclid-square/EuclidSquare-Regular-WebS.woff\" as=\"font\" type=\"font/woff\" crossorigin=\"anonymous\" />\n    <link rel=\"preload\" href=\"https://cdn.ngrok.com/static/fonts/euclid-square/EuclidSquare-RegularItalic-WebS.woff\" as=\"font\" type=\"font/woff\" crossorigin=\"anonymous\" />\n    <link rel=\"preload\" href=\"https://cdn.ngrok.com/static/fonts/euclid-square/EuclidSquare-Medium-WebS.woff\" as=\"font\" type=\"font/woff\" crossorigin=\"anonymous\" />\n    <link rel=\"preload\" href=\"https://cdn.ngrok.com/static/fonts/euclid-square/EuclidSquare-Semibold-WebS.woff\" as=\"font\" type=\"font/woff\" crossorigin=\"anonymous\" />\n    <link rel=\"preload\" href=\"https://cdn.ngrok.com/static/fonts/euclid-square/EuclidSquare-MediumItalic-WebS.woff\" as=\"font\" type=\"font/woff\" crossorigin=\"anonymous\" />\n    <link rel=\"preload\" href=\"https://cdn.ngrok.com/static/fonts/ibm-plex-mono/IBMPlexMono-Text.woff\" as=\"font\" type=\"font/woff\" crossorigin=\"anonymous\" />\n    <link rel=\"preload\" href=\"https://cdn.ngrok.com/static/fonts/ibm-plex-mono/IBMPlexMono-TextItalic.woff\" as=\"font\" type=\"font/woff\" crossorigin=\"anonymous\" />\n    <link rel=\"preload\" href=\"https://cdn.ngrok.com/static/fonts/ibm-plex-mono/IBMPlexMono-SemiBold.woff\" as=\"font\" type=\"font/woff\" crossorigin=\"anonymous\" />\n    <link rel=\"preload\" href=\"https://cdn.ngrok.com/static/fonts/ibm-plex-mono/IBMPlexMono-SemiBoldItalic.woff\" as=\"font\" type=\"font/woff\" crossorigin=\"anonymous\" />\n    <meta charset=\"utf-8\">\n    <meta name=\"author\" content=\"ngrok\">\n    <meta name=\"description\" content=\"ngrok is the fastest way to put anything on the internet with a single command.\">\n    <meta name=\"robots\" content=\"noindex, nofollow\">\n    <meta name=\"viewport\" content=\"width=device-width, initial-scale=1\">\n    <link id=\"style\" rel=\"stylesheet\" href=\"https://cdn.ngrok.com/static/css/error.css\">\n    <noscript>Traffic successfully made it to the ngrok agent, but the agent failed to establish a connection to the upstream web service at localhost:3000. (ERR_NGROK_8012)</noscript>\n    <script id=\"script\" src=\"https://cdn.ngrok.com/static/js/error.js\" type=\"text/javascript\"></script>\n  </head>\n  <body class=\"h-full\" id=\"ngrok\">\n    <div id=\"root\" data-payload=\"eyJhZGRyIjoibG9jYWxob3N0OjMwMDAiLCJjZG5CYXNlIjoiaHR0cHM6Ly9jZG4ubmdyb2suY29tLyIsImNvZGUiOiI4MDEyIiwiZXJyb3JUZXh0IjoiZGlhbCB0Y3AgWzo6MV06MzAwMDogY29ubmVjdGV4OiBObyBjb25uZWN0aW9uIGNvdWxkIGJlIG1hZGUgYmVjYXVzZSB0aGUgdGFyZ2V0IG1hY2hpbmUgYWN0aXZlbHkgcmVmdXNlZCBpdC4iLCJtZXNzYWdlIjoiVHJhZmZpYyBzdWNjZXNzZnVsbHkgbWFkZSBpdCB0byB0aGUgbmdyb2sgYWdlbnQsIGJ1dCB0aGUgYWdlbnQgZmFpbGVkIHRvIGVzdGFibGlzaCBhIGNvbm5lY3Rpb24gdG8gdGhlIHVwc3RyZWFtIHdlYiBzZXJ2aWNlIGF0IGxvY2FsaG9zdDozMDAwLiIsInNjaGVtZSI6Imh0dHAiLCJ0aXRsZSI6IkJhZCBSZXF1ZXN0In0=\"></div>\n  </body>\n</html>\n"
[2025-10-28T23:27:20.787Z] ERROR: ❌ Error sending IPN: "<!DOCTYPE html>\n<html class=\"h-full\" lang=\"en-US\" dir=\"ltr\">\n  <head>\n    <link rel=\"preload\" href=\"https://cdn.ngrok.com/static/fonts/euclid-square/EuclidSquare-Regular-WebS.woff\" as=\"font\" type=\"font/woff\" crossorigin=\"anonymous\" />\n    <link rel=\"preload\" href=\"https://cdn.ngrok.com/static/fonts/euclid-square/EuclidSquare-RegularItalic-WebS.woff\" as=\"font\" type=\"font/woff\" crossorigin=\"anonymous\" />\n    <link rel=\"preload\" href=\"https://cdn.ngrok.com/static/fonts/euclid-square/EuclidSquare-Medium-WebS.woff\" as=\"font\" type=\"font/woff\" crossorigin=\"anonymous\" />\n    <link rel=\"preload\" href=\"https://cdn.ngrok.com/static/fonts/euclid-square/EuclidSquare-Semibold-WebS.woff\" as=\"font\" type=\"font/woff\" crossorigin=\"anonymous\" />\n    <link rel=\"preload\" href=\"https://cdn.ngrok.com/static/fonts/euclid-square/EuclidSquare-MediumItalic-WebS.woff\" as=\"font\" type=\"font/woff\" crossorigin=\"anonymous\" />\n    <link rel=\"preload\" href=\"https://cdn.ngrok.com/static/fonts/ibm-plex-mono/IBMPlexMono-Text.woff\" as=\"font\" type=\"font/woff\" crossorigin=\"anonymous\" />\n    <link rel=\"preload\" href=\"https://cdn.ngrok.com/static/fonts/ibm-plex-mono/IBMPlexMono-TextItalic.woff\" as=\"font\" type=\"font/woff\" crossorigin=\"anonymous\" />\n    <link rel=\"preload\" href=\"https://cdn.ngrok.com/static/fonts/ibm-plex-mono/IBMPlexMono-SemiBold.woff\" as=\"font\" type=\"font/woff\" crossorigin=\"anonymous\" />\n    <link rel=\"preload\" href=\"https://cdn.ngrok.com/static/fonts/ibm-plex-mono/IBMPlexMono-SemiBoldItalic.woff\" as=\"font\" type=\"font/woff\" crossorigin=\"anonymous\" />\n    <meta charset=\"utf-8\">\n    <meta name=\"author\" content=\"ngrok\">\n    <meta name=\"description\" content=\"ngrok is the fastest way to put anything on the internet with a single command.\">\n    <meta name=\"robots\" content=\"noindex, nofollow\">\n    <meta name=\"viewport\" content=\"width=device-width, initial-scale=1\">\n    <link id=\"style\" rel=\"stylesheet\" href=\"https://cdn.ngrok.com/static/css/error.css\">\n    <noscript>Traffic successfully made it to the ngrok agent, but the agent failed to establish a connection to the upstream web service at localhost:3000. (ERR_NGROK_8012)</noscript>\n    <script id=\"script\" src=\"https://cdn.ngrok.com/static/js/error.js\" type=\"text/javascript\"></script>\n  </head>\n  <body class=\"h-full\" id=\"ngrok\">\n    <div id=\"root\" data-payload=\"eyJhZGRyIjoibG9jYWxob3N0OjMwMDAiLCJjZG5CYXNlIjoiaHR0cHM6Ly9jZG4ubmdyb2suY29tLyIsImNvZGUiOiI4MDEyIiwiZXJyb3JUZXh0IjoiZGlhbCB0Y3AgWzo6MV06MzAwMDogY29ubmVjdGV4OiBObyBjb25uZWN0aW9uIGNvdWxkIGJlIG1hZGUgYmVjYXVzZSB0aGUgdGFyZ2V0IG1hY2hpbmUgYWN0aXZlbHkgcmVmdXNlZCBpdC4iLCJtZXNzYWdlIjoiVHJhZmZpYyBzdWNjZXNzZnVsbHkgbWFkZSBpdCB0byB0aGUgbmdyb2sgYWdlbnQsIGJ1dCB0aGUgYWdlbnQgZmFpbGVkIHRvIGVzdGFibGlzaCBhIGNvbm5lY3Rpb24gdG8gdGhlIHVwc3RyZWFtIHdlYiBzZXJ2aWNlIGF0IGxvY2FsaG9zdDozMDAwLiIsInNjaGVtZSI6Imh0dHAiLCJ0aXRsZSI6IkJhZCBSZXF1ZXN0In0=\"></div>\n  </body>\n</html>\n"
[2025-10-28T23:28:51.307Z] ERROR: ❌ Error sending IPN: "<!DOCTYPE html>\n<html class=\"h-full\" lang=\"en-US\" dir=\"ltr\">\n  <head>\n    <link rel=\"preload\" href=\"https://cdn.ngrok.com/static/fonts/euclid-square/EuclidSquare-Regular-WebS.woff\" as=\"font\" type=\"font/woff\" crossorigin=\"anonymous\" />\n    <link rel=\"preload\" href=\"https://cdn.ngrok.com/static/fonts/euclid-square/EuclidSquare-RegularItalic-WebS.woff\" as=\"font\" type=\"font/woff\" crossorigin=\"anonymous\" />\n    <link rel=\"preload\" href=\"https://cdn.ngrok.com/static/fonts/euclid-square/EuclidSquare-Medium-WebS.woff\" as=\"font\" type=\"font/woff\" crossorigin=\"anonymous\" />\n    <link rel=\"preload\" href=\"https://cdn.ngrok.com/static/fonts/euclid-square/EuclidSquare-Semibold-WebS.woff\" as=\"font\" type=\"font/woff\" crossorigin=\"anonymous\" />\n    <link rel=\"preload\" href=\"https://cdn.ngrok.com/static/fonts/euclid-square/EuclidSquare-MediumItalic-WebS.woff\" as=\"font\" type=\"font/woff\" crossorigin=\"anonymous\" />\n    <link rel=\"preload\" href=\"https://cdn.ngrok.com/static/fonts/ibm-plex-mono/IBMPlexMono-Text.woff\" as=\"font\" type=\"font/woff\" crossorigin=\"anonymous\" />\n    <link rel=\"preload\" href=\"https://cdn.ngrok.com/static/fonts/ibm-plex-mono/IBMPlexMono-TextItalic.woff\" as=\"font\" type=\"font/woff\" crossorigin=\"anonymous\" />\n    <link rel=\"preload\" href=\"https://cdn.ngrok.com/static/fonts/ibm-plex-mono/IBMPlexMono-SemiBold.woff\" as=\"font\" type=\"font/woff\" crossorigin=\"anonymous\" />\n    <link rel=\"preload\" href=\"https://cdn.ngrok.com/static/fonts/ibm-plex-mono/IBMPlexMono-SemiBoldItalic.woff\" as=\"font\" type=\"font/woff\" crossorigin=\"anonymous\" />\n    <meta charset=\"utf-8\">\n    <meta name=\"author\" content=\"ngrok\">\n    <meta name=\"description\" content=\"ngrok is the fastest way to put anything on the internet with a single command.\">\n    <meta name=\"robots\" content=\"noindex, nofollow\">\n    <meta name=\"viewport\" content=\"width=device-width, initial-scale=1\">\n    <link id=\"style\" rel=\"stylesheet\" href=\"https://cdn.ngrok.com/static/css/error.css\">\n    <noscript>Traffic successfully made it to the ngrok agent, but the agent failed to establish a connection to the upstream web service at localhost:3000. (ERR_NGROK_8012)</noscript>\n    <script id=\"script\" src=\"https://cdn.ngrok.com/static/js/error.js\" type=\"text/javascript\"></script>\n  </head>\n  <body class=\"h-full\" id=\"ngrok\">\n    <div id=\"root\" data-payload=\"eyJhZGRyIjoibG9jYWxob3N0OjMwMDAiLCJjZG5CYXNlIjoiaHR0cHM6Ly9jZG4ubmdyb2suY29tLyIsImNvZGUiOiI4MDEyIiwiZXJyb3JUZXh0IjoiZGlhbCB0Y3AgWzo6MV06MzAwMDogY29ubmVjdGV4OiBObyBjb25uZWN0aW9uIGNvdWxkIGJlIG1hZGUgYmVjYXVzZSB0aGUgdGFyZ2V0IG1hY2hpbmUgYWN0aXZlbHkgcmVmdXNlZCBpdC4iLCJtZXNzYWdlIjoiVHJhZmZpYyBzdWNjZXNzZnVsbHkgbWFkZSBpdCB0byB0aGUgbmdyb2sgYWdlbnQsIGJ1dCB0aGUgYWdlbnQgZmFpbGVkIHRvIGVzdGFibGlzaCBhIGNvbm5lY3Rpb24gdG8gdGhlIHVwc3RyZWFtIHdlYiBzZXJ2aWNlIGF0IGxvY2FsaG9zdDozMDAwLiIsInNjaGVtZSI6Imh0dHAiLCJ0aXRsZSI6IkJhZCBSZXF1ZXN0In0=\"></div>\n  </body>\n</html>\n"
[2025-10-28T23:29:20.952Z] ERROR: ❌ Error sending IPN: "<!DOCTYPE html>\n<html class=\"h-full\" lang=\"en-US\" dir=\"ltr\">\n  <head>\n    <link rel=\"preload\" href=\"https://cdn.ngrok.com/static/fonts/euclid-square/EuclidSquare-Regular-WebS.woff\" as=\"font\" type=\"font/woff\" crossorigin=\"anonymous\" />\n    <link rel=\"preload\" href=\"https://cdn.ngrok.com/static/fonts/euclid-square/EuclidSquare-RegularItalic-WebS.woff\" as=\"font\" type=\"font/woff\" crossorigin=\"anonymous\" />\n    <link rel=\"preload\" href=\"https://cdn.ngrok.com/static/fonts/euclid-square/EuclidSquare-Medium-WebS.woff\" as=\"font\" type=\"font/woff\" crossorigin=\"anonymous\" />\n    <link rel=\"preload\" href=\"https://cdn.ngrok.com/static/fonts/euclid-square/EuclidSquare-Semibold-WebS.woff\" as=\"font\" type=\"font/woff\" crossorigin=\"anonymous\" />\n    <link rel=\"preload\" href=\"https://cdn.ngrok.com/static/fonts/euclid-square/EuclidSquare-MediumItalic-WebS.woff\" as=\"font\" type=\"font/woff\" crossorigin=\"anonymous\" />\n    <link rel=\"preload\" href=\"https://cdn.ngrok.com/static/fonts/ibm-plex-mono/IBMPlexMono-Text.woff\" as=\"font\" type=\"font/woff\" crossorigin=\"anonymous\" />\n    <link rel=\"preload\" href=\"https://cdn.ngrok.com/static/fonts/ibm-plex-mono/IBMPlexMono-TextItalic.woff\" as=\"font\" type=\"font/woff\" crossorigin=\"anonymous\" />\n    <link rel=\"preload\" href=\"https://cdn.ngrok.com/static/fonts/ibm-plex-mono/IBMPlexMono-SemiBold.woff\" as=\"font\" type=\"font/woff\" crossorigin=\"anonymous\" />\n    <link rel=\"preload\" href=\"https://cdn.ngrok.com/static/fonts/ibm-plex-mono/IBMPlexMono-SemiBoldItalic.woff\" as=\"font\" type=\"font/woff\" crossorigin=\"anonymous\" />\n    <meta charset=\"utf-8\">\n    <meta name=\"author\" content=\"ngrok\">\n    <meta name=\"description\" content=\"ngrok is the fastest way to put anything on the internet with a single command.\">\n    <meta name=\"robots\" content=\"noindex, nofollow\">\n    <meta name=\"viewport\" content=\"width=device-width, initial-scale=1\">\n    <link id=\"style\" rel=\"stylesheet\" href=\"https://cdn.ngrok.com/static/css/error.css\">\n    <noscript>Traffic successfully made it to the ngrok agent, but the agent failed to establish a connection to the upstream web service at localhost:3000. (ERR_NGROK_8012)</noscript>\n    <script id=\"script\" src=\"https://cdn.ngrok.com/static/js/error.js\" type=\"text/javascript\"></script>\n  </head>\n  <body class=\"h-full\" id=\"ngrok\">\n    <div id=\"root\" data-payload=\"eyJhZGRyIjoibG9jYWxob3N0OjMwMDAiLCJjZG5CYXNlIjoiaHR0cHM6Ly9jZG4ubmdyb2suY29tLyIsImNvZGUiOiI4MDEyIiwiZXJyb3JUZXh0IjoiZGlhbCB0Y3AgWzo6MV06MzAwMDogY29ubmVjdGV4OiBObyBjb25uZWN0aW9uIGNvdWxkIGJlIG1hZGUgYmVjYXVzZSB0aGUgdGFyZ2V0IG1hY2hpbmUgYWN0aXZlbHkgcmVmdXNlZCBpdC4iLCJtZXNzYWdlIjoiVHJhZmZpYyBzdWNjZXNzZnVsbHkgbWFkZSBpdCB0byB0aGUgbmdyb2sgYWdlbnQsIGJ1dCB0aGUgYWdlbnQgZmFpbGVkIHRvIGVzdGFibGlzaCBhIGNvbm5lY3Rpb24gdG8gdGhlIHVwc3RyZWFtIHdlYiBzZXJ2aWNlIGF0IGxvY2FsaG9zdDozMDAwLiIsInNjaGVtZSI6Imh0dHAiLCJ0aXRsZSI6IkJhZCBSZXF1ZXN0In0=\"></div>\n  </body>\n</html>\n"
[2025-10-28T23:29:58.658Z] ERROR: ❌ Error sending IPN: "<!DOCTYPE html>\n<html class=\"h-full\" lang=\"en-US\" dir=\"ltr\">\n  <head>\n    <link rel=\"preload\" href=\"https://cdn.ngrok.com/static/fonts/euclid-square/EuclidSquare-Regular-WebS.woff\" as=\"font\" type=\"font/woff\" crossorigin=\"anonymous\" />\n    <link rel=\"preload\" href=\"https://cdn.ngrok.com/static/fonts/euclid-square/EuclidSquare-RegularItalic-WebS.woff\" as=\"font\" type=\"font/woff\" crossorigin=\"anonymous\" />\n    <link rel=\"preload\" href=\"https://cdn.ngrok.com/static/fonts/euclid-square/EuclidSquare-Medium-WebS.woff\" as=\"font\" type=\"font/woff\" crossorigin=\"anonymous\" />\n    <link rel=\"preload\" href=\"https://cdn.ngrok.com/static/fonts/euclid-square/EuclidSquare-Semibold-WebS.woff\" as=\"font\" type=\"font/woff\" crossorigin=\"anonymous\" />\n    <link rel=\"preload\" href=\"https://cdn.ngrok.com/static/fonts/euclid-square/EuclidSquare-MediumItalic-WebS.woff\" as=\"font\" type=\"font/woff\" crossorigin=\"anonymous\" />\n    <link rel=\"preload\" href=\"https://cdn.ngrok.com/static/fonts/ibm-plex-mono/IBMPlexMono-Text.woff\" as=\"font\" type=\"font/woff\" crossorigin=\"anonymous\" />\n    <link rel=\"preload\" href=\"https://cdn.ngrok.com/static/fonts/ibm-plex-mono/IBMPlexMono-TextItalic.woff\" as=\"font\" type=\"font/woff\" crossorigin=\"anonymous\" />\n    <link rel=\"preload\" href=\"https://cdn.ngrok.com/static/fonts/ibm-plex-mono/IBMPlexMono-SemiBold.woff\" as=\"font\" type=\"font/woff\" crossorigin=\"anonymous\" />\n    <link rel=\"preload\" href=\"https://cdn.ngrok.com/static/fonts/ibm-plex-mono/IBMPlexMono-SemiBoldItalic.woff\" as=\"font\" type=\"font/woff\" crossorigin=\"anonymous\" />\n    <meta charset=\"utf-8\">\n    <meta name=\"author\" content=\"ngrok\">\n    <meta name=\"description\" content=\"ngrok is the fastest way to put anything on the internet with a single command.\">\n    <meta name=\"robots\" content=\"noindex, nofollow\">\n    <meta name=\"viewport\" content=\"width=device-width, initial-scale=1\">\n    <link id=\"style\" rel=\"stylesheet\" href=\"https://cdn.ngrok.com/static/css/error.css\">\n    <noscript>Traffic successfully made it to the ngrok agent, but the agent failed to establish a connection to the upstream web service at localhost:3000. (ERR_NGROK_8012)</noscript>\n    <script id=\"script\" src=\"https://cdn.ngrok.com/static/js/error.js\" type=\"text/javascript\"></script>\n  </head>\n  <body class=\"h-full\" id=\"ngrok\">\n    <div id=\"root\" data-payload=\"eyJhZGRyIjoibG9jYWxob3N0OjMwMDAiLCJjZG5CYXNlIjoiaHR0cHM6Ly9jZG4ubmdyb2suY29tLyIsImNvZGUiOiI4MDEyIiwiZXJyb3JUZXh0IjoiZGlhbCB0Y3AgWzo6MV06MzAwMDogY29ubmVjdGV4OiBObyBjb25uZWN0aW9uIGNvdWxkIGJlIG1hZGUgYmVjYXVzZSB0aGUgdGFyZ2V0IG1hY2hpbmUgYWN0aXZlbHkgcmVmdXNlZCBpdC4iLCJtZXNzYWdlIjoiVHJhZmZpYyBzdWNjZXNzZnVsbHkgbWFkZSBpdCB0byB0aGUgbmdyb2sgYWdlbnQsIGJ1dCB0aGUgYWdlbnQgZmFpbGVkIHRvIGVzdGFibGlzaCBhIGNvbm5lY3Rpb24gdG8gdGhlIHVwc3RyZWFtIHdlYiBzZXJ2aWNlIGF0IGxvY2FsaG9zdDozMDAwLiIsInNjaGVtZSI6Imh0dHAiLCJ0aXRsZSI6IkJhZCBSZXF1ZXN0In0=\"></div>\n  </body>\n</html>\n"
[2025-10-28T23:30:22.851Z] ERROR: ❌ Error sending IPN: "<!DOCTYPE html>\n<html class=\"h-full\" lang=\"en-US\" dir=\"ltr\">\n  <head>\n    <link rel=\"preload\" href=\"https://cdn.ngrok.com/static/fonts/euclid-square/EuclidSquare-Regular-WebS.woff\" as=\"font\" type=\"font/woff\" crossorigin=\"anonymous\" />\n    <link rel=\"preload\" href=\"https://cdn.ngrok.com/static/fonts/euclid-square/EuclidSquare-RegularItalic-WebS.woff\" as=\"font\" type=\"font/woff\" crossorigin=\"anonymous\" />\n    <link rel=\"preload\" href=\"https://cdn.ngrok.com/static/fonts/euclid-square/EuclidSquare-Medium-WebS.woff\" as=\"font\" type=\"font/woff\" crossorigin=\"anonymous\" />\n    <link rel=\"preload\" href=\"https://cdn.ngrok.com/static/fonts/euclid-square/EuclidSquare-Semibold-WebS.woff\" as=\"font\" type=\"font/woff\" crossorigin=\"anonymous\" />\n    <link rel=\"preload\" href=\"https://cdn.ngrok.com/static/fonts/euclid-square/EuclidSquare-MediumItalic-WebS.woff\" as=\"font\" type=\"font/woff\" crossorigin=\"anonymous\" />\n    <link rel=\"preload\" href=\"https://cdn.ngrok.com/static/fonts/ibm-plex-mono/IBMPlexMono-Text.woff\" as=\"font\" type=\"font/woff\" crossorigin=\"anonymous\" />\n    <link rel=\"preload\" href=\"https://cdn.ngrok.com/static/fonts/ibm-plex-mono/IBMPlexMono-TextItalic.woff\" as=\"font\" type=\"font/woff\" crossorigin=\"anonymous\" />\n    <link rel=\"preload\" href=\"https://cdn.ngrok.com/static/fonts/ibm-plex-mono/IBMPlexMono-SemiBold.woff\" as=\"font\" type=\"font/woff\" crossorigin=\"anonymous\" />\n    <link rel=\"preload\" href=\"https://cdn.ngrok.com/static/fonts/ibm-plex-mono/IBMPlexMono-SemiBoldItalic.woff\" as=\"font\" type=\"font/woff\" crossorigin=\"anonymous\" />\n    <meta charset=\"utf-8\">\n    <meta name=\"author\" content=\"ngrok\">\n    <meta name=\"description\" content=\"ngrok is the fastest way to put anything on the internet with a single command.\">\n    <meta name=\"robots\" content=\"noindex, nofollow\">\n    <meta name=\"viewport\" content=\"width=device-width, initial-scale=1\">\n    <link id=\"style\" rel=\"stylesheet\" href=\"https://cdn.ngrok.com/static/css/error.css\">\n    <noscript>Traffic successfully made it to the ngrok agent, but the agent failed to establish a connection to the upstream web service at localhost:3000. (ERR_NGROK_8012)</noscript>\n    <script id=\"script\" src=\"https://cdn.ngrok.com/static/js/error.js\" type=\"text/javascript\"></script>\n  </head>\n  <body class=\"h-full\" id=\"ngrok\">\n    <div id=\"root\" data-payload=\"eyJhZGRyIjoibG9jYWxob3N0OjMwMDAiLCJjZG5CYXNlIjoiaHR0cHM6Ly9jZG4ubmdyb2suY29tLyIsImNvZGUiOiI4MDEyIiwiZXJyb3JUZXh0IjoiZGlhbCB0Y3AgWzo6MV06MzAwMDogY29ubmVjdGV4OiBObyBjb25uZWN0aW9uIGNvdWxkIGJlIG1hZGUgYmVjYXVzZSB0aGUgdGFyZ2V0IG1hY2hpbmUgYWN0aXZlbHkgcmVmdXNlZCBpdC4iLCJtZXNzYWdlIjoiVHJhZmZpYyBzdWNjZXNzZnVsbHkgbWFkZSBpdCB0byB0aGUgbmdyb2sgYWdlbnQsIGJ1dCB0aGUgYWdlbnQgZmFpbGVkIHRvIGVzdGFibGlzaCBhIGNvbm5lY3Rpb24gdG8gdGhlIHVwc3RyZWFtIHdlYiBzZXJ2aWNlIGF0IGxvY2FsaG9zdDozMDAwLiIsInNjaGVtZSI6Imh0dHAiLCJ0aXRsZSI6IkJhZCBSZXF1ZXN0In0=\"></div>\n  </body>\n</html>\n"
[2025-10-28T23:31:51.549Z] ERROR: ❌ Error sending IPN: "<!DOCTYPE html>\n<html class=\"h-full\" lang=\"en-US\" dir=\"ltr\">\n  <head>\n    <link rel=\"preload\" href=\"https://cdn.ngrok.com/static/fonts/euclid-square/EuclidSquare-Regular-WebS.woff\" as=\"font\" type=\"font/woff\" crossorigin=\"anonymous\" />\n    <link rel=\"preload\" href=\"https://cdn.ngrok.com/static/fonts/euclid-square/EuclidSquare-RegularItalic-WebS.woff\" as=\"font\" type=\"font/woff\" crossorigin=\"anonymous\" />\n    <link rel=\"preload\" href=\"https://cdn.ngrok.com/static/fonts/euclid-square/EuclidSquare-Medium-WebS.woff\" as=\"font\" type=\"font/woff\" crossorigin=\"anonymous\" />\n    <link rel=\"preload\" href=\"https://cdn.ngrok.com/static/fonts/euclid-square/EuclidSquare-Semibold-WebS.woff\" as=\"font\" type=\"font/woff\" crossorigin=\"anonymous\" />\n    <link rel=\"preload\" href=\"https://cdn.ngrok.com/static/fonts/euclid-square/EuclidSquare-MediumItalic-WebS.woff\" as=\"font\" type=\"font/woff\" crossorigin=\"anonymous\" />\n    <link rel=\"preload\" href=\"https://cdn.ngrok.com/static/fonts/ibm-plex-mono/IBMPlexMono-Text.woff\" as=\"font\" type=\"font/woff\" crossorigin=\"anonymous\" />\n    <link rel=\"preload\" href=\"https://cdn.ngrok.com/static/fonts/ibm-plex-mono/IBMPlexMono-TextItalic.woff\" as=\"font\" type=\"font/woff\" crossorigin=\"anonymous\" />\n    <link rel=\"preload\" href=\"https://cdn.ngrok.com/static/fonts/ibm-plex-mono/IBMPlexMono-SemiBold.woff\" as=\"font\" type=\"font/woff\" crossorigin=\"anonymous\" />\n    <link rel=\"preload\" href=\"https://cdn.ngrok.com/static/fonts/ibm-plex-mono/IBMPlexMono-SemiBoldItalic.woff\" as=\"font\" type=\"font/woff\" crossorigin=\"anonymous\" />\n    <meta charset=\"utf-8\">\n    <meta name=\"author\" content=\"ngrok\">\n    <meta name=\"description\" content=\"ngrok is the fastest way to put anything on the internet with a single command.\">\n    <meta name=\"robots\" content=\"noindex, nofollow\">\n    <meta name=\"viewport\" content=\"width=device-width, initial-scale=1\">\n    <link id=\"style\" rel=\"stylesheet\" href=\"https://cdn.ngrok.com/static/css/error.css\">\n    <noscript>Traffic successfully made it to the ngrok agent, but the agent failed to establish a connection to the upstream web service at localhost:3000. (ERR_NGROK_8012)</noscript>\n    <script id=\"script\" src=\"https://cdn.ngrok.com/static/js/error.js\" type=\"text/javascript\"></script>\n  </head>\n  <body class=\"h-full\" id=\"ngrok\">\n    <div id=\"root\" data-payload=\"eyJhZGRyIjoibG9jYWxob3N0OjMwMDAiLCJjZG5CYXNlIjoiaHR0cHM6Ly9jZG4ubmdyb2suY29tLyIsImNvZGUiOiI4MDEyIiwiZXJyb3JUZXh0IjoiZGlhbCB0Y3AgWzo6MV06MzAwMDogY29ubmVjdGV4OiBObyBjb25uZWN0aW9uIGNvdWxkIGJlIG1hZGUgYmVjYXVzZSB0aGUgdGFyZ2V0IG1hY2hpbmUgYWN0aXZlbHkgcmVmdXNlZCBpdC4iLCJtZXNzYWdlIjoiVHJhZmZpYyBzdWNjZXNzZnVsbHkgbWFkZSBpdCB0byB0aGUgbmdyb2sgYWdlbnQsIGJ1dCB0aGUgYWdlbnQgZmFpbGVkIHRvIGVzdGFibGlzaCBhIGNvbm5lY3Rpb24gdG8gdGhlIHVwc3RyZWFtIHdlYiBzZXJ2aWNlIGF0IGxvY2FsaG9zdDozMDAwLiIsInNjaGVtZSI6Imh0dHAiLCJ0aXRsZSI6IkJhZCBSZXF1ZXN0In0=\"></div>\n  </body>\n</html>\n"
[2025-10-28T23:32:20.755Z] ERROR: ❌ Error sending IPN: "<!DOCTYPE html>\n<html class=\"h-full\" lang=\"en-US\" dir=\"ltr\">\n  <head>\n    <link rel=\"preload\" href=\"https://cdn.ngrok.com/static/fonts/euclid-square/EuclidSquare-Regular-WebS.woff\" as=\"font\" type=\"font/woff\" crossorigin=\"anonymous\" />\n    <link rel=\"preload\" href=\"https://cdn.ngrok.com/static/fonts/euclid-square/EuclidSquare-RegularItalic-WebS.woff\" as=\"font\" type=\"font/woff\" crossorigin=\"anonymous\" />\n    <link rel=\"preload\" href=\"https://cdn.ngrok.com/static/fonts/euclid-square/EuclidSquare-Medium-WebS.woff\" as=\"font\" type=\"font/woff\" crossorigin=\"anonymous\" />\n    <link rel=\"preload\" href=\"https://cdn.ngrok.com/static/fonts/euclid-square/EuclidSquare-Semibold-WebS.woff\" as=\"font\" type=\"font/woff\" crossorigin=\"anonymous\" />\n    <link rel=\"preload\" href=\"https://cdn.ngrok.com/static/fonts/euclid-square/EuclidSquare-MediumItalic-WebS.woff\" as=\"font\" type=\"font/woff\" crossorigin=\"anonymous\" />\n    <link rel=\"preload\" href=\"https://cdn.ngrok.com/static/fonts/ibm-plex-mono/IBMPlexMono-Text.woff\" as=\"font\" type=\"font/woff\" crossorigin=\"anonymous\" />\n    <link rel=\"preload\" href=\"https://cdn.ngrok.com/static/fonts/ibm-plex-mono/IBMPlexMono-TextItalic.woff\" as=\"font\" type=\"font/woff\" crossorigin=\"anonymous\" />\n    <link rel=\"preload\" href=\"https://cdn.ngrok.com/static/fonts/ibm-plex-mono/IBMPlexMono-SemiBold.woff\" as=\"font\" type=\"font/woff\" crossorigin=\"anonymous\" />\n    <link rel=\"preload\" href=\"https://cdn.ngrok.com/static/fonts/ibm-plex-mono/IBMPlexMono-SemiBoldItalic.woff\" as=\"font\" type=\"font/woff\" crossorigin=\"anonymous\" />\n    <meta charset=\"utf-8\">\n    <meta name=\"author\" content=\"ngrok\">\n    <meta name=\"description\" content=\"ngrok is the fastest way to put anything on the internet with a single command.\">\n    <meta name=\"robots\" content=\"noindex, nofollow\">\n    <meta name=\"viewport\" content=\"width=device-width, initial-scale=1\">\n    <link id=\"style\" rel=\"stylesheet\" href=\"https://cdn.ngrok.com/static/css/error.css\">\n    <noscript>Traffic successfully made it to the ngrok agent, but the agent failed to establish a connection to the upstream web service at localhost:3000. (ERR_NGROK_8012)</noscript>\n    <script id=\"script\" src=\"https://cdn.ngrok.com/static/js/error.js\" type=\"text/javascript\"></script>\n  </head>\n  <body class=\"h-full\" id=\"ngrok\">\n    <div id=\"root\" data-payload=\"eyJhZGRyIjoibG9jYWxob3N0OjMwMDAiLCJjZG5CYXNlIjoiaHR0cHM6Ly9jZG4ubmdyb2suY29tLyIsImNvZGUiOiI4MDEyIiwiZXJyb3JUZXh0IjoiZGlhbCB0Y3AgWzo6MV06MzAwMDogY29ubmVjdGV4OiBObyBjb25uZWN0aW9uIGNvdWxkIGJlIG1hZGUgYmVjYXVzZSB0aGUgdGFyZ2V0IG1hY2hpbmUgYWN0aXZlbHkgcmVmdXNlZCBpdC4iLCJtZXNzYWdlIjoiVHJhZmZpYyBzdWNjZXNzZnVsbHkgbWFkZSBpdCB0byB0aGUgbmdyb2sgYWdlbnQsIGJ1dCB0aGUgYWdlbnQgZmFpbGVkIHRvIGVzdGFibGlzaCBhIGNvbm5lY3Rpb24gdG8gdGhlIHVwc3RyZWFtIHdlYiBzZXJ2aWNlIGF0IGxvY2FsaG9zdDozMDAwLiIsInNjaGVtZSI6Imh0dHAiLCJ0aXRsZSI6IkJhZCBSZXF1ZXN0In0=\"></div>\n  </body>\n</html>\n"
[2025-10-28T23:34:21.839Z] ERROR: ❌ Error sending IPN: "<!DOCTYPE html>\n<html class=\"h-full\" lang=\"en-US\" dir=\"ltr\">\n  <head>\n    <link rel=\"preload\" href=\"https://cdn.ngrok.com/static/fonts/euclid-square/EuclidSquare-Regular-WebS.woff\" as=\"font\" type=\"font/woff\" crossorigin=\"anonymous\" />\n    <link rel=\"preload\" href=\"https://cdn.ngrok.com/static/fonts/euclid-square/EuclidSquare-RegularItalic-WebS.woff\" as=\"font\" type=\"font/woff\" crossorigin=\"anonymous\" />\n    <link rel=\"preload\" href=\"https://cdn.ngrok.com/static/fonts/euclid-square/EuclidSquare-Medium-WebS.woff\" as=\"font\" type=\"font/woff\" crossorigin=\"anonymous\" />\n    <link rel=\"preload\" href=\"https://cdn.ngrok.com/static/fonts/euclid-square/EuclidSquare-Semibold-WebS.woff\" as=\"font\" type=\"font/woff\" crossorigin=\"anonymous\" />\n    <link rel=\"preload\" href=\"https://cdn.ngrok.com/static/fonts/euclid-square/EuclidSquare-MediumItalic-WebS.woff\" as=\"font\" type=\"font/woff\" crossorigin=\"anonymous\" />\n    <link rel=\"preload\" href=\"https://cdn.ngrok.com/static/fonts/ibm-plex-mono/IBMPlexMono-Text.woff\" as=\"font\" type=\"font/woff\" crossorigin=\"anonymous\" />\n    <link rel=\"preload\" href=\"https://cdn.ngrok.com/static/fonts/ibm-plex-mono/IBMPlexMono-TextItalic.woff\" as=\"font\" type=\"font/woff\" crossorigin=\"anonymous\" />\n    <link rel=\"preload\" href=\"https://cdn.ngrok.com/static/fonts/ibm-plex-mono/IBMPlexMono-SemiBold.woff\" as=\"font\" type=\"font/woff\" crossorigin=\"anonymous\" />\n    <link rel=\"preload\" href=\"https://cdn.ngrok.com/static/fonts/ibm-plex-mono/IBMPlexMono-SemiBoldItalic.woff\" as=\"font\" type=\"font/woff\" crossorigin=\"anonymous\" />\n    <meta charset=\"utf-8\">\n    <meta name=\"author\" content=\"ngrok\">\n    <meta name=\"description\" content=\"ngrok is the fastest way to put anything on the internet with a single command.\">\n    <meta name=\"robots\" content=\"noindex, nofollow\">\n    <meta name=\"viewport\" content=\"width=device-width, initial-scale=1\">\n    <link id=\"style\" rel=\"stylesheet\" href=\"https://cdn.ngrok.com/static/css/error.css\">\n    <noscript>Traffic successfully made it to the ngrok agent, but the agent failed to establish a connection to the upstream web service at localhost:3000. (ERR_NGROK_8012)</noscript>\n    <script id=\"script\" src=\"https://cdn.ngrok.com/static/js/error.js\" type=\"text/javascript\"></script>\n  </head>\n  <body class=\"h-full\" id=\"ngrok\">\n    <div id=\"root\" data-payload=\"eyJhZGRyIjoibG9jYWxob3N0OjMwMDAiLCJjZG5CYXNlIjoiaHR0cHM6Ly9jZG4ubmdyb2suY29tLyIsImNvZGUiOiI4MDEyIiwiZXJyb3JUZXh0IjoiZGlhbCB0Y3AgWzo6MV06MzAwMDogY29ubmVjdGV4OiBObyBjb25uZWN0aW9uIGNvdWxkIGJlIG1hZGUgYmVjYXVzZSB0aGUgdGFyZ2V0IG1hY2hpbmUgYWN0aXZlbHkgcmVmdXNlZCBpdC4iLCJtZXNzYWdlIjoiVHJhZmZpYyBzdWNjZXNzZnVsbHkgbWFkZSBpdCB0byB0aGUgbmdyb2sgYWdlbnQsIGJ1dCB0aGUgYWdlbnQgZmFpbGVkIHRvIGVzdGFibGlzaCBhIGNvbm5lY3Rpb24gdG8gdGhlIHVwc3RyZWFtIHdlYiBzZXJ2aWNlIGF0IGxvY2FsaG9zdDozMDAwLiIsInNjaGVtZSI6Imh0dHAiLCJ0aXRsZSI6IkJhZCBSZXF1ZXN0In0=\"></div>\n  </body>\n</html>\n"
[2025-10-28T23:34:50.749Z] ERROR: ❌ Error sending IPN: "<!DOCTYPE html>\n<html class=\"h-full\" lang=\"en-US\" dir=\"ltr\">\n  <head>\n    <link rel=\"preload\" href=\"https://cdn.ngrok.com/static/fonts/euclid-square/EuclidSquare-Regular-WebS.woff\" as=\"font\" type=\"font/woff\" crossorigin=\"anonymous\" />\n    <link rel=\"preload\" href=\"https://cdn.ngrok.com/static/fonts/euclid-square/EuclidSquare-RegularItalic-WebS.woff\" as=\"font\" type=\"font/woff\" crossorigin=\"anonymous\" />\n    <link rel=\"preload\" href=\"https://cdn.ngrok.com/static/fonts/euclid-square/EuclidSquare-Medium-WebS.woff\" as=\"font\" type=\"font/woff\" crossorigin=\"anonymous\" />\n    <link rel=\"preload\" href=\"https://cdn.ngrok.com/static/fonts/euclid-square/EuclidSquare-Semibold-WebS.woff\" as=\"font\" type=\"font/woff\" crossorigin=\"anonymous\" />\n    <link rel=\"preload\" href=\"https://cdn.ngrok.com/static/fonts/euclid-square/EuclidSquare-MediumItalic-WebS.woff\" as=\"font\" type=\"font/woff\" crossorigin=\"anonymous\" />\n    <link rel=\"preload\" href=\"https://cdn.ngrok.com/static/fonts/ibm-plex-mono/IBMPlexMono-Text.woff\" as=\"font\" type=\"font/woff\" crossorigin=\"anonymous\" />\n    <link rel=\"preload\" href=\"https://cdn.ngrok.com/static/fonts/ibm-plex-mono/IBMPlexMono-TextItalic.woff\" as=\"font\" type=\"font/woff\" crossorigin=\"anonymous\" />\n    <link rel=\"preload\" href=\"https://cdn.ngrok.com/static/fonts/ibm-plex-mono/IBMPlexMono-SemiBold.woff\" as=\"font\" type=\"font/woff\" crossorigin=\"anonymous\" />\n    <link rel=\"preload\" href=\"https://cdn.ngrok.com/static/fonts/ibm-plex-mono/IBMPlexMono-SemiBoldItalic.woff\" as=\"font\" type=\"font/woff\" crossorigin=\"anonymous\" />\n    <meta charset=\"utf-8\">\n    <meta name=\"author\" content=\"ngrok\">\n    <meta name=\"description\" content=\"ngrok is the fastest way to put anything on the internet with a single command.\">\n    <meta name=\"robots\" content=\"noindex, nofollow\">\n    <meta name=\"viewport\" content=\"width=device-width, initial-scale=1\">\n    <link id=\"style\" rel=\"stylesheet\" href=\"https://cdn.ngrok.com/static/css/error.css\">\n    <noscript>Traffic successfully made it to the ngrok agent, but the agent failed to establish a connection to the upstream web service at localhost:3000. (ERR_NGROK_8012)</noscript>\n    <script id=\"script\" src=\"https://cdn.ngrok.com/static/js/error.js\" type=\"text/javascript\"></script>\n  </head>\n  <body class=\"h-full\" id=\"ngrok\">\n    <div id=\"root\" data-payload=\"eyJhZGRyIjoibG9jYWxob3N0OjMwMDAiLCJjZG5CYXNlIjoiaHR0cHM6Ly9jZG4ubmdyb2suY29tLyIsImNvZGUiOiI4MDEyIiwiZXJyb3JUZXh0IjoiZGlhbCB0Y3AgWzo6MV06MzAwMDogY29ubmVjdGV4OiBObyBjb25uZWN0aW9uIGNvdWxkIGJlIG1hZGUgYmVjYXVzZSB0aGUgdGFyZ2V0IG1hY2hpbmUgYWN0aXZlbHkgcmVmdXNlZCBpdC4iLCJtZXNzYWdlIjoiVHJhZmZpYyBzdWNjZXNzZnVsbHkgbWFkZSBpdCB0byB0aGUgbmdyb2sgYWdlbnQsIGJ1dCB0aGUgYWdlbnQgZmFpbGVkIHRvIGVzdGFibGlzaCBhIGNvbm5lY3Rpb24gdG8gdGhlIHVwc3RyZWFtIHdlYiBzZXJ2aWNlIGF0IGxvY2FsaG9zdDozMDAwLiIsInNjaGVtZSI6Imh0dHAiLCJ0aXRsZSI6IkJhZCBSZXF1ZXN0In0=\"></div>\n  </body>\n</html>\n"
[2025-10-28T23:35:49.881Z] ERROR: ❌ Error sending IPN: "<!DOCTYPE html>\n<html class=\"h-full\" lang=\"en-US\" dir=\"ltr\">\n  <head>\n    <link rel=\"preload\" href=\"https://cdn.ngrok.com/static/fonts/euclid-square/EuclidSquare-Regular-WebS.woff\" as=\"font\" type=\"font/woff\" crossorigin=\"anonymous\" />\n    <link rel=\"preload\" href=\"https://cdn.ngrok.com/static/fonts/euclid-square/EuclidSquare-RegularItalic-WebS.woff\" as=\"font\" type=\"font/woff\" crossorigin=\"anonymous\" />\n    <link rel=\"preload\" href=\"https://cdn.ngrok.com/static/fonts/euclid-square/EuclidSquare-Medium-WebS.woff\" as=\"font\" type=\"font/woff\" crossorigin=\"anonymous\" />\n    <link rel=\"preload\" href=\"https://cdn.ngrok.com/static/fonts/euclid-square/EuclidSquare-Semibold-WebS.woff\" as=\"font\" type=\"font/woff\" crossorigin=\"anonymous\" />\n    <link rel=\"preload\" href=\"https://cdn.ngrok.com/static/fonts/euclid-square/EuclidSquare-MediumItalic-WebS.woff\" as=\"font\" type=\"font/woff\" crossorigin=\"anonymous\" />\n    <link rel=\"preload\" href=\"https://cdn.ngrok.com/static/fonts/ibm-plex-mono/IBMPlexMono-Text.woff\" as=\"font\" type=\"font/woff\" crossorigin=\"anonymous\" />\n    <link rel=\"preload\" href=\"https://cdn.ngrok.com/static/fonts/ibm-plex-mono/IBMPlexMono-TextItalic.woff\" as=\"font\" type=\"font/woff\" crossorigin=\"anonymous\" />\n    <link rel=\"preload\" href=\"https://cdn.ngrok.com/static/fonts/ibm-plex-mono/IBMPlexMono-SemiBold.woff\" as=\"font\" type=\"font/woff\" crossorigin=\"anonymous\" />\n    <link rel=\"preload\" href=\"https://cdn.ngrok.com/static/fonts/ibm-plex-mono/IBMPlexMono-SemiBoldItalic.woff\" as=\"font\" type=\"font/woff\" crossorigin=\"anonymous\" />\n    <meta charset=\"utf-8\">\n    <meta name=\"author\" content=\"ngrok\">\n    <meta name=\"description\" content=\"ngrok is the fastest way to put anything on the internet with a single command.\">\n    <meta name=\"robots\" content=\"noindex, nofollow\">\n    <meta name=\"viewport\" content=\"width=device-width, initial-scale=1\">\n    <link id=\"style\" rel=\"stylesheet\" href=\"https://cdn.ngrok.com/static/css/error.css\">\n    <noscript>Traffic successfully made it to the ngrok agent, but the agent failed to establish a connection to the upstream web service at localhost:3000. (ERR_NGROK_8012)</noscript>\n    <script id=\"script\" src=\"https://cdn.ngrok.com/static/js/error.js\" type=\"text/javascript\"></script>\n  </head>\n  <body class=\"h-full\" id=\"ngrok\">\n    <div id=\"root\" data-payload=\"eyJhZGRyIjoibG9jYWxob3N0OjMwMDAiLCJjZG5CYXNlIjoiaHR0cHM6Ly9jZG4ubmdyb2suY29tLyIsImNvZGUiOiI4MDEyIiwiZXJyb3JUZXh0IjoiZGlhbCB0Y3AgWzo6MV06MzAwMDogY29ubmVjdGV4OiBObyBjb25uZWN0aW9uIGNvdWxkIGJlIG1hZGUgYmVjYXVzZSB0aGUgdGFyZ2V0IG1hY2hpbmUgYWN0aXZlbHkgcmVmdXNlZCBpdC4iLCJtZXNzYWdlIjoiVHJhZmZpYyBzdWNjZXNzZnVsbHkgbWFkZSBpdCB0byB0aGUgbmdyb2sgYWdlbnQsIGJ1dCB0aGUgYWdlbnQgZmFpbGVkIHRvIGVzdGFibGlzaCBhIGNvbm5lY3Rpb24gdG8gdGhlIHVwc3RyZWFtIHdlYiBzZXJ2aWNlIGF0IGxvY2FsaG9zdDozMDAwLiIsInNjaGVtZSI6Imh0dHAiLCJ0aXRsZSI6IkJhZCBSZXF1ZXN0In0=\"></div>\n  </body>\n</html>\n"
[2025-10-28T23:37:21.330Z] ERROR: ❌ Error sending IPN: "<!DOCTYPE html>\n<html class=\"h-full\" lang=\"en-US\" dir=\"ltr\">\n  <head>\n    <link rel=\"preload\" href=\"https://cdn.ngrok.com/static/fonts/euclid-square/EuclidSquare-Regular-WebS.woff\" as=\"font\" type=\"font/woff\" crossorigin=\"anonymous\" />\n    <link rel=\"preload\" href=\"https://cdn.ngrok.com/static/fonts/euclid-square/EuclidSquare-RegularItalic-WebS.woff\" as=\"font\" type=\"font/woff\" crossorigin=\"anonymous\" />\n    <link rel=\"preload\" href=\"https://cdn.ngrok.com/static/fonts/euclid-square/EuclidSquare-Medium-WebS.woff\" as=\"font\" type=\"font/woff\" crossorigin=\"anonymous\" />\n    <link rel=\"preload\" href=\"https://cdn.ngrok.com/static/fonts/euclid-square/EuclidSquare-Semibold-WebS.woff\" as=\"font\" type=\"font/woff\" crossorigin=\"anonymous\" />\n    <link rel=\"preload\" href=\"https://cdn.ngrok.com/static/fonts/euclid-square/EuclidSquare-MediumItalic-WebS.woff\" as=\"font\" type=\"font/woff\" crossorigin=\"anonymous\" />\n    <link rel=\"preload\" href=\"https://cdn.ngrok.com/static/fonts/ibm-plex-mono/IBMPlexMono-Text.woff\" as=\"font\" type=\"font/woff\" crossorigin=\"anonymous\" />\n    <link rel=\"preload\" href=\"https://cdn.ngrok.com/static/fonts/ibm-plex-mono/IBMPlexMono-TextItalic.woff\" as=\"font\" type=\"font/woff\" crossorigin=\"anonymous\" />\n    <link rel=\"preload\" href=\"https://cdn.ngrok.com/static/fonts/ibm-plex-mono/IBMPlexMono-SemiBold.woff\" as=\"font\" type=\"font/woff\" crossorigin=\"anonymous\" />\n    <link rel=\"preload\" href=\"https://cdn.ngrok.com/static/fonts/ibm-plex-mono/IBMPlexMono-SemiBoldItalic.woff\" as=\"font\" type=\"font/woff\" crossorigin=\"anonymous\" />\n    <meta charset=\"utf-8\">\n    <meta name=\"author\" content=\"ngrok\">\n    <meta name=\"description\" content=\"ngrok is the fastest way to put anything on the internet with a single command.\">\n    <meta name=\"robots\" content=\"noindex, nofollow\">\n    <meta name=\"viewport\" content=\"width=device-width, initial-scale=1\">\n    <link id=\"style\" rel=\"stylesheet\" href=\"https://cdn.ngrok.com/static/css/error.css\">\n    <noscript>Traffic successfully made it to the ngrok agent, but the agent failed to establish a connection to the upstream web service at localhost:3000. (ERR_NGROK_8012)</noscript>\n    <script id=\"script\" src=\"https://cdn.ngrok.com/static/js/error.js\" type=\"text/javascript\"></script>\n  </head>\n  <body class=\"h-full\" id=\"ngrok\">\n    <div id=\"root\" data-payload=\"eyJhZGRyIjoibG9jYWxob3N0OjMwMDAiLCJjZG5CYXNlIjoiaHR0cHM6Ly9jZG4ubmdyb2suY29tLyIsImNvZGUiOiI4MDEyIiwiZXJyb3JUZXh0IjoiZGlhbCB0Y3AgWzo6MV06MzAwMDogY29ubmVjdGV4OiBObyBjb25uZWN0aW9uIGNvdWxkIGJlIG1hZGUgYmVjYXVzZSB0aGUgdGFyZ2V0IG1hY2hpbmUgYWN0aXZlbHkgcmVmdXNlZCBpdC4iLCJtZXNzYWdlIjoiVHJhZmZpYyBzdWNjZXNzZnVsbHkgbWFkZSBpdCB0byB0aGUgbmdyb2sgYWdlbnQsIGJ1dCB0aGUgYWdlbnQgZmFpbGVkIHRvIGVzdGFibGlzaCBhIGNvbm5lY3Rpb24gdG8gdGhlIHVwc3RyZWFtIHdlYiBzZXJ2aWNlIGF0IGxvY2FsaG9zdDozMDAwLiIsInNjaGVtZSI6Imh0dHAiLCJ0aXRsZSI6IkJhZCBSZXF1ZXN0In0=\"></div>\n  </body>\n</html>\n"
[2025-10-28T23:37:50.890Z] ERROR: ❌ Error sending IPN: "<!DOCTYPE html>\n<html class=\"h-full\" lang=\"en-US\" dir=\"ltr\">\n  <head>\n    <link rel=\"preload\" href=\"https://cdn.ngrok.com/static/fonts/euclid-square/EuclidSquare-Regular-WebS.woff\" as=\"font\" type=\"font/woff\" crossorigin=\"anonymous\" />\n    <link rel=\"preload\" href=\"https://cdn.ngrok.com/static/fonts/euclid-square/EuclidSquare-RegularItalic-WebS.woff\" as=\"font\" type=\"font/woff\" crossorigin=\"anonymous\" />\n    <link rel=\"preload\" href=\"https://cdn.ngrok.com/static/fonts/euclid-square/EuclidSquare-Medium-WebS.woff\" as=\"font\" type=\"font/woff\" crossorigin=\"anonymous\" />\n    <link rel=\"preload\" href=\"https://cdn.ngrok.com/static/fonts/euclid-square/EuclidSquare-Semibold-WebS.woff\" as=\"font\" type=\"font/woff\" crossorigin=\"anonymous\" />\n    <link rel=\"preload\" href=\"https://cdn.ngrok.com/static/fonts/euclid-square/EuclidSquare-MediumItalic-WebS.woff\" as=\"font\" type=\"font/woff\" crossorigin=\"anonymous\" />\n    <link rel=\"preload\" href=\"https://cdn.ngrok.com/static/fonts/ibm-plex-mono/IBMPlexMono-Text.woff\" as=\"font\" type=\"font/woff\" crossorigin=\"anonymous\" />\n    <link rel=\"preload\" href=\"https://cdn.ngrok.com/static/fonts/ibm-plex-mono/IBMPlexMono-TextItalic.woff\" as=\"font\" type=\"font/woff\" crossorigin=\"anonymous\" />\n    <link rel=\"preload\" href=\"https://cdn.ngrok.com/static/fonts/ibm-plex-mono/IBMPlexMono-SemiBold.woff\" as=\"font\" type=\"font/woff\" crossorigin=\"anonymous\" />\n    <link rel=\"preload\" href=\"https://cdn.ngrok.com/static/fonts/ibm-plex-mono/IBMPlexMono-SemiBoldItalic.woff\" as=\"font\" type=\"font/woff\" crossorigin=\"anonymous\" />\n    <meta charset=\"utf-8\">\n    <meta name=\"author\" content=\"ngrok\">\n    <meta name=\"description\" content=\"ngrok is the fastest way to put anything on the internet with a single command.\">\n    <meta name=\"robots\" content=\"noindex, nofollow\">\n    <meta name=\"viewport\" content=\"width=device-width, initial-scale=1\">\n    <link id=\"style\" rel=\"stylesheet\" href=\"https://cdn.ngrok.com/static/css/error.css\">\n    <noscript>Traffic successfully made it to the ngrok agent, but the agent failed to establish a connection to the upstream web service at localhost:3000. (ERR_NGROK_8012)</noscript>\n    <script id=\"script\" src=\"https://cdn.ngrok.com/static/js/error.js\" type=\"text/javascript\"></script>\n  </head>\n  <body class=\"h-full\" id=\"ngrok\">\n    <div id=\"root\" data-payload=\"eyJhZGRyIjoibG9jYWxob3N0OjMwMDAiLCJjZG5CYXNlIjoiaHR0cHM6Ly9jZG4ubmdyb2suY29tLyIsImNvZGUiOiI4MDEyIiwiZXJyb3JUZXh0IjoiZGlhbCB0Y3AgWzo6MV06MzAwMDogY29ubmVjdGV4OiBObyBjb25uZWN0aW9uIGNvdWxkIGJlIG1hZGUgYmVjYXVzZSB0aGUgdGFyZ2V0IG1hY2hpbmUgYWN0aXZlbHkgcmVmdXNlZCBpdC4iLCJtZXNzYWdlIjoiVHJhZmZpYyBzdWNjZXNzZnVsbHkgbWFkZSBpdCB0byB0aGUgbmdyb2sgYWdlbnQsIGJ1dCB0aGUgYWdlbnQgZmFpbGVkIHRvIGVzdGFibGlzaCBhIGNvbm5lY3Rpb24gdG8gdGhlIHVwc3RyZWFtIHdlYiBzZXJ2aWNlIGF0IGxvY2FsaG9zdDozMDAwLiIsInNjaGVtZSI6Imh0dHAiLCJ0aXRsZSI6IkJhZCBSZXF1ZXN0In0=\"></div>\n  </body>\n</html>\n"
[2025-10-28T23:39:22.745Z] ERROR: ❌ Error sending IPN: "<!DOCTYPE html>\n<html class=\"h-full\" lang=\"en-US\" dir=\"ltr\">\n  <head>\n    <link rel=\"preload\" href=\"https://cdn.ngrok.com/static/fonts/euclid-square/EuclidSquare-Regular-WebS.woff\" as=\"font\" type=\"font/woff\" crossorigin=\"anonymous\" />\n    <link rel=\"preload\" href=\"https://cdn.ngrok.com/static/fonts/euclid-square/EuclidSquare-RegularItalic-WebS.woff\" as=\"font\" type=\"font/woff\" crossorigin=\"anonymous\" />\n    <link rel=\"preload\" href=\"https://cdn.ngrok.com/static/fonts/euclid-square/EuclidSquare-Medium-WebS.woff\" as=\"font\" type=\"font/woff\" crossorigin=\"anonymous\" />\n    <link rel=\"preload\" href=\"https://cdn.ngrok.com/static/fonts/euclid-square/EuclidSquare-Semibold-WebS.woff\" as=\"font\" type=\"font/woff\" crossorigin=\"anonymous\" />\n    <link rel=\"preload\" href=\"https://cdn.ngrok.com/static/fonts/euclid-square/EuclidSquare-MediumItalic-WebS.woff\" as=\"font\" type=\"font/woff\" crossorigin=\"anonymous\" />\n    <link rel=\"preload\" href=\"https://cdn.ngrok.com/static/fonts/ibm-plex-mono/IBMPlexMono-Text.woff\" as=\"font\" type=\"font/woff\" crossorigin=\"anonymous\" />\n    <link rel=\"preload\" href=\"https://cdn.ngrok.com/static/fonts/ibm-plex-mono/IBMPlexMono-TextItalic.woff\" as=\"font\" type=\"font/woff\" crossorigin=\"anonymous\" />\n    <link rel=\"preload\" href=\"https://cdn.ngrok.com/static/fonts/ibm-plex-mono/IBMPlexMono-SemiBold.woff\" as=\"font\" type=\"font/woff\" crossorigin=\"anonymous\" />\n    <link rel=\"preload\" href=\"https://cdn.ngrok.com/static/fonts/ibm-plex-mono/IBMPlexMono-SemiBoldItalic.woff\" as=\"font\" type=\"font/woff\" crossorigin=\"anonymous\" />\n    <meta charset=\"utf-8\">\n    <meta name=\"author\" content=\"ngrok\">\n    <meta name=\"description\" content=\"ngrok is the fastest way to put anything on the internet with a single command.\">\n    <meta name=\"robots\" content=\"noindex, nofollow\">\n    <meta name=\"viewport\" content=\"width=device-width, initial-scale=1\">\n    <link id=\"style\" rel=\"stylesheet\" href=\"https://cdn.ngrok.com/static/css/error.css\">\n    <noscript>Traffic successfully made it to the ngrok agent, but the agent failed to establish a connection to the upstream web service at localhost:3000. (ERR_NGROK_8012)</noscript>\n    <script id=\"script\" src=\"https://cdn.ngrok.com/static/js/error.js\" type=\"text/javascript\"></script>\n  </head>\n  <body class=\"h-full\" id=\"ngrok\">\n    <div id=\"root\" data-payload=\"eyJhZGRyIjoibG9jYWxob3N0OjMwMDAiLCJjZG5CYXNlIjoiaHR0cHM6Ly9jZG4ubmdyb2suY29tLyIsImNvZGUiOiI4MDEyIiwiZXJyb3JUZXh0IjoiZGlhbCB0Y3AgWzo6MV06MzAwMDogY29ubmVjdGV4OiBObyBjb25uZWN0aW9uIGNvdWxkIGJlIG1hZGUgYmVjYXVzZSB0aGUgdGFyZ2V0IG1hY2hpbmUgYWN0aXZlbHkgcmVmdXNlZCBpdC4iLCJtZXNzYWdlIjoiVHJhZmZpYyBzdWNjZXNzZnVsbHkgbWFkZSBpdCB0byB0aGUgbmdyb2sgYWdlbnQsIGJ1dCB0aGUgYWdlbnQgZmFpbGVkIHRvIGVzdGFibGlzaCBhIGNvbm5lY3Rpb24gdG8gdGhlIHVwc3RyZWFtIHdlYiBzZXJ2aWNlIGF0IGxvY2FsaG9zdDozMDAwLiIsInNjaGVtZSI6Imh0dHAiLCJ0aXRsZSI6IkJhZCBSZXF1ZXN0In0=\"></div>\n  </body>\n</html>\n"
[2025-10-28T23:39:50.571Z] ERROR: ❌ Error sending IPN: "<!DOCTYPE html>\n<html class=\"h-full\" lang=\"en-US\" dir=\"ltr\">\n  <head>\n    <link rel=\"preload\" href=\"https://cdn.ngrok.com/static/fonts/euclid-square/EuclidSquare-Regular-WebS.woff\" as=\"font\" type=\"font/woff\" crossorigin=\"anonymous\" />\n    <link rel=\"preload\" href=\"https://cdn.ngrok.com/static/fonts/euclid-square/EuclidSquare-RegularItalic-WebS.woff\" as=\"font\" type=\"font/woff\" crossorigin=\"anonymous\" />\n    <link rel=\"preload\" href=\"https://cdn.ngrok.com/static/fonts/euclid-square/EuclidSquare-Medium-WebS.woff\" as=\"font\" type=\"font/woff\" crossorigin=\"anonymous\" />\n    <link rel=\"preload\" href=\"https://cdn.ngrok.com/static/fonts/euclid-square/EuclidSquare-Semibold-WebS.woff\" as=\"font\" type=\"font/woff\" crossorigin=\"anonymous\" />\n    <link rel=\"preload\" href=\"https://cdn.ngrok.com/static/fonts/euclid-square/EuclidSquare-MediumItalic-WebS.woff\" as=\"font\" type=\"font/woff\" crossorigin=\"anonymous\" />\n    <link rel=\"preload\" href=\"https://cdn.ngrok.com/static/fonts/ibm-plex-mono/IBMPlexMono-Text.woff\" as=\"font\" type=\"font/woff\" crossorigin=\"anonymous\" />\n    <link rel=\"preload\" href=\"https://cdn.ngrok.com/static/fonts/ibm-plex-mono/IBMPlexMono-TextItalic.woff\" as=\"font\" type=\"font/woff\" crossorigin=\"anonymous\" />\n    <link rel=\"preload\" href=\"https://cdn.ngrok.com/static/fonts/ibm-plex-mono/IBMPlexMono-SemiBold.woff\" as=\"font\" type=\"font/woff\" crossorigin=\"anonymous\" />\n    <link rel=\"preload\" href=\"https://cdn.ngrok.com/static/fonts/ibm-plex-mono/IBMPlexMono-SemiBoldItalic.woff\" as=\"font\" type=\"font/woff\" crossorigin=\"anonymous\" />\n    <meta charset=\"utf-8\">\n    <meta name=\"author\" content=\"ngrok\">\n    <meta name=\"description\" content=\"ngrok is the fastest way to put anything on the internet with a single command.\">\n    <meta name=\"robots\" content=\"noindex, nofollow\">\n    <meta name=\"viewport\" content=\"width=device-width, initial-scale=1\">\n    <link id=\"style\" rel=\"stylesheet\" href=\"https://cdn.ngrok.com/static/css/error.css\">\n    <noscript>Traffic successfully made it to the ngrok agent, but the agent failed to establish a connection to the upstream web service at localhost:3000. (ERR_NGROK_8012)</noscript>\n    <script id=\"script\" src=\"https://cdn.ngrok.com/static/js/error.js\" type=\"text/javascript\"></script>\n  </head>\n  <body class=\"h-full\" id=\"ngrok\">\n    <div id=\"root\" data-payload=\"eyJhZGRyIjoibG9jYWxob3N0OjMwMDAiLCJjZG5CYXNlIjoiaHR0cHM6Ly9jZG4ubmdyb2suY29tLyIsImNvZGUiOiI4MDEyIiwiZXJyb3JUZXh0IjoiZGlhbCB0Y3AgWzo6MV06MzAwMDogY29ubmVjdGV4OiBObyBjb25uZWN0aW9uIGNvdWxkIGJlIG1hZGUgYmVjYXVzZSB0aGUgdGFyZ2V0IG1hY2hpbmUgYWN0aXZlbHkgcmVmdXNlZCBpdC4iLCJtZXNzYWdlIjoiVHJhZmZpYyBzdWNjZXNzZnVsbHkgbWFkZSBpdCB0byB0aGUgbmdyb2sgYWdlbnQsIGJ1dCB0aGUgYWdlbnQgZmFpbGVkIHRvIGVzdGFibGlzaCBhIGNvbm5lY3Rpb24gdG8gdGhlIHVwc3RyZWFtIHdlYiBzZXJ2aWNlIGF0IGxvY2FsaG9zdDozMDAwLiIsInNjaGVtZSI6Imh0dHAiLCJ0aXRsZSI6IkJhZCBSZXF1ZXN0In0=\"></div>\n  </body>\n</html>\n"
[2025-10-28T23:40:50.537Z] ERROR: ❌ Error sending IPN: "<!DOCTYPE html>\n<html class=\"h-full\" lang=\"en-US\" dir=\"ltr\">\n  <head>\n    <link rel=\"preload\" href=\"https://cdn.ngrok.com/static/fonts/euclid-square/EuclidSquare-Regular-WebS.woff\" as=\"font\" type=\"font/woff\" crossorigin=\"anonymous\" />\n    <link rel=\"preload\" href=\"https://cdn.ngrok.com/static/fonts/euclid-square/EuclidSquare-RegularItalic-WebS.woff\" as=\"font\" type=\"font/woff\" crossorigin=\"anonymous\" />\n    <link rel=\"preload\" href=\"https://cdn.ngrok.com/static/fonts/euclid-square/EuclidSquare-Medium-WebS.woff\" as=\"font\" type=\"font/woff\" crossorigin=\"anonymous\" />\n    <link rel=\"preload\" href=\"https://cdn.ngrok.com/static/fonts/euclid-square/EuclidSquare-Semibold-WebS.woff\" as=\"font\" type=\"font/woff\" crossorigin=\"anonymous\" />\n    <link rel=\"preload\" href=\"https://cdn.ngrok.com/static/fonts/euclid-square/EuclidSquare-MediumItalic-WebS.woff\" as=\"font\" type=\"font/woff\" crossorigin=\"anonymous\" />\n    <link rel=\"preload\" href=\"https://cdn.ngrok.com/static/fonts/ibm-plex-mono/IBMPlexMono-Text.woff\" as=\"font\" type=\"font/woff\" crossorigin=\"anonymous\" />\n    <link rel=\"preload\" href=\"https://cdn.ngrok.com/static/fonts/ibm-plex-mono/IBMPlexMono-TextItalic.woff\" as=\"font\" type=\"font/woff\" crossorigin=\"anonymous\" />\n    <link rel=\"preload\" href=\"https://cdn.ngrok.com/static/fonts/ibm-plex-mono/IBMPlexMono-SemiBold.woff\" as=\"font\" type=\"font/woff\" crossorigin=\"anonymous\" />\n    <link rel=\"preload\" href=\"https://cdn.ngrok.com/static/fonts/ibm-plex-mono/IBMPlexMono-SemiBoldItalic.woff\" as=\"font\" type=\"font/woff\" crossorigin=\"anonymous\" />\n    <meta charset=\"utf-8\">\n    <meta name=\"author\" content=\"ngrok\">\n    <meta name=\"description\" content=\"ngrok is the fastest way to put anything on the internet with a single command.\">\n    <meta name=\"robots\" content=\"noindex, nofollow\">\n    <meta name=\"viewport\" content=\"width=device-width, initial-scale=1\">\n    <link id=\"style\" rel=\"stylesheet\" href=\"https://cdn.ngrok.com/static/css/error.css\">\n    <noscript>Traffic successfully made it to the ngrok agent, but the agent failed to establish a connection to the upstream web service at localhost:3000. (ERR_NGROK_8012)</noscript>\n    <script id=\"script\" src=\"https://cdn.ngrok.com/static/js/error.js\" type=\"text/javascript\"></script>\n  </head>\n  <body class=\"h-full\" id=\"ngrok\">\n    <div id=\"root\" data-payload=\"eyJhZGRyIjoibG9jYWxob3N0OjMwMDAiLCJjZG5CYXNlIjoiaHR0cHM6Ly9jZG4ubmdyb2suY29tLyIsImNvZGUiOiI4MDEyIiwiZXJyb3JUZXh0IjoiZGlhbCB0Y3AgWzo6MV06MzAwMDogY29ubmVjdGV4OiBObyBjb25uZWN0aW9uIGNvdWxkIGJlIG1hZGUgYmVjYXVzZSB0aGUgdGFyZ2V0IG1hY2hpbmUgYWN0aXZlbHkgcmVmdXNlZCBpdC4iLCJtZXNzYWdlIjoiVHJhZmZpYyBzdWNjZXNzZnVsbHkgbWFkZSBpdCB0byB0aGUgbmdyb2sgYWdlbnQsIGJ1dCB0aGUgYWdlbnQgZmFpbGVkIHRvIGVzdGFibGlzaCBhIGNvbm5lY3Rpb24gdG8gdGhlIHVwc3RyZWFtIHdlYiBzZXJ2aWNlIGF0IGxvY2FsaG9zdDozMDAwLiIsInNjaGVtZSI6Imh0dHAiLCJ0aXRsZSI6IkJhZCBSZXF1ZXN0In0=\"></div>\n  </body>\n</html>\n"
[2025-10-28T23:41:20.868Z] ERROR: ❌ Error sending IPN: "<!DOCTYPE html>\n<html class=\"h-full\" lang=\"en-US\" dir=\"ltr\">\n  <head>\n    <link rel=\"preload\" href=\"https://cdn.ngrok.com/static/fonts/euclid-square/EuclidSquare-Regular-WebS.woff\" as=\"font\" type=\"font/woff\" crossorigin=\"anonymous\" />\n    <link rel=\"preload\" href=\"https://cdn.ngrok.com/static/fonts/euclid-square/EuclidSquare-RegularItalic-WebS.woff\" as=\"font\" type=\"font/woff\" crossorigin=\"anonymous\" />\n    <link rel=\"preload\" href=\"https://cdn.ngrok.com/static/fonts/euclid-square/EuclidSquare-Medium-WebS.woff\" as=\"font\" type=\"font/woff\" crossorigin=\"anonymous\" />\n    <link rel=\"preload\" href=\"https://cdn.ngrok.com/static/fonts/euclid-square/EuclidSquare-Semibold-WebS.woff\" as=\"font\" type=\"font/woff\" crossorigin=\"anonymous\" />\n    <link rel=\"preload\" href=\"https://cdn.ngrok.com/static/fonts/euclid-square/EuclidSquare-MediumItalic-WebS.woff\" as=\"font\" type=\"font/woff\" crossorigin=\"anonymous\" />\n    <link rel=\"preload\" href=\"https://cdn.ngrok.com/static/fonts/ibm-plex-mono/IBMPlexMono-Text.woff\" as=\"font\" type=\"font/woff\" crossorigin=\"anonymous\" />\n    <link rel=\"preload\" href=\"https://cdn.ngrok.com/static/fonts/ibm-plex-mono/IBMPlexMono-TextItalic.woff\" as=\"font\" type=\"font/woff\" crossorigin=\"anonymous\" />\n    <link rel=\"preload\" href=\"https://cdn.ngrok.com/static/fonts/ibm-plex-mono/IBMPlexMono-SemiBold.woff\" as=\"font\" type=\"font/woff\" crossorigin=\"anonymous\" />\n    <link rel=\"preload\" href=\"https://cdn.ngrok.com/static/fonts/ibm-plex-mono/IBMPlexMono-SemiBoldItalic.woff\" as=\"font\" type=\"font/woff\" crossorigin=\"anonymous\" />\n    <meta charset=\"utf-8\">\n    <meta name=\"author\" content=\"ngrok\">\n    <meta name=\"description\" content=\"ngrok is the fastest way to put anything on the internet with a single command.\">\n    <meta name=\"robots\" content=\"noindex, nofollow\">\n    <meta name=\"viewport\" content=\"width=device-width, initial-scale=1\">\n    <link id=\"style\" rel=\"stylesheet\" href=\"https://cdn.ngrok.com/static/css/error.css\">\n    <noscript>Traffic successfully made it to the ngrok agent, but the agent failed to establish a connection to the upstream web service at localhost:3000. (ERR_NGROK_8012)</noscript>\n    <script id=\"script\" src=\"https://cdn.ngrok.com/static/js/error.js\" type=\"text/javascript\"></script>\n  </head>\n  <body class=\"h-full\" id=\"ngrok\">\n    <div id=\"root\" data-payload=\"eyJhZGRyIjoibG9jYWxob3N0OjMwMDAiLCJjZG5CYXNlIjoiaHR0cHM6Ly9jZG4ubmdyb2suY29tLyIsImNvZGUiOiI4MDEyIiwiZXJyb3JUZXh0IjoiZGlhbCB0Y3AgWzo6MV06MzAwMDogY29ubmVjdGV4OiBObyBjb25uZWN0aW9uIGNvdWxkIGJlIG1hZGUgYmVjYXVzZSB0aGUgdGFyZ2V0IG1hY2hpbmUgYWN0aXZlbHkgcmVmdXNlZCBpdC4iLCJtZXNzYWdlIjoiVHJhZmZpYyBzdWNjZXNzZnVsbHkgbWFkZSBpdCB0byB0aGUgbmdyb2sgYWdlbnQsIGJ1dCB0aGUgYWdlbnQgZmFpbGVkIHRvIGVzdGFibGlzaCBhIGNvbm5lY3Rpb24gdG8gdGhlIHVwc3RyZWFtIHdlYiBzZXJ2aWNlIGF0IGxvY2FsaG9zdDozMDAwLiIsInNjaGVtZSI6Imh0dHAiLCJ0aXRsZSI6IkJhZCBSZXF1ZXN0In0=\"></div>\n  </body>\n</html>\n"
[2025-10-28T23:41:50.237Z] ERROR: ❌ Error sending IPN: "<!DOCTYPE html>\n<html class=\"h-full\" lang=\"en-US\" dir=\"ltr\">\n  <head>\n    <link rel=\"preload\" href=\"https://cdn.ngrok.com/static/fonts/euclid-square/EuclidSquare-Regular-WebS.woff\" as=\"font\" type=\"font/woff\" crossorigin=\"anonymous\" />\n    <link rel=\"preload\" href=\"https://cdn.ngrok.com/static/fonts/euclid-square/EuclidSquare-RegularItalic-WebS.woff\" as=\"font\" type=\"font/woff\" crossorigin=\"anonymous\" />\n    <link rel=\"preload\" href=\"https://cdn.ngrok.com/static/fonts/euclid-square/EuclidSquare-Medium-WebS.woff\" as=\"font\" type=\"font/woff\" crossorigin=\"anonymous\" />\n    <link rel=\"preload\" href=\"https://cdn.ngrok.com/static/fonts/euclid-square/EuclidSquare-Semibold-WebS.woff\" as=\"font\" type=\"font/woff\" crossorigin=\"anonymous\" />\n    <link rel=\"preload\" href=\"https://cdn.ngrok.com/static/fonts/euclid-square/EuclidSquare-MediumItalic-WebS.woff\" as=\"font\" type=\"font/woff\" crossorigin=\"anonymous\" />\n    <link rel=\"preload\" href=\"https://cdn.ngrok.com/static/fonts/ibm-plex-mono/IBMPlexMono-Text.woff\" as=\"font\" type=\"font/woff\" crossorigin=\"anonymous\" />\n    <link rel=\"preload\" href=\"https://cdn.ngrok.com/static/fonts/ibm-plex-mono/IBMPlexMono-TextItalic.woff\" as=\"font\" type=\"font/woff\" crossorigin=\"anonymous\" />\n    <link rel=\"preload\" href=\"https://cdn.ngrok.com/static/fonts/ibm-plex-mono/IBMPlexMono-SemiBold.woff\" as=\"font\" type=\"font/woff\" crossorigin=\"anonymous\" />\n    <link rel=\"preload\" href=\"https://cdn.ngrok.com/static/fonts/ibm-plex-mono/IBMPlexMono-SemiBoldItalic.woff\" as=\"font\" type=\"font/woff\" crossorigin=\"anonymous\" />\n    <meta charset=\"utf-8\">\n    <meta name=\"author\" content=\"ngrok\">\n    <meta name=\"description\" content=\"ngrok is the fastest way to put anything on the internet with a single command.\">\n    <meta name=\"robots\" content=\"noindex, nofollow\">\n    <meta name=\"viewport\" content=\"width=device-width, initial-scale=1\">\n    <link id=\"style\" rel=\"stylesheet\" href=\"https://cdn.ngrok.com/static/css/error.css\">\n    <noscript>Traffic successfully made it to the ngrok agent, but the agent failed to establish a connection to the upstream web service at localhost:3000. (ERR_NGROK_8012)</noscript>\n    <script id=\"script\" src=\"https://cdn.ngrok.com/static/js/error.js\" type=\"text/javascript\"></script>\n  </head>\n  <body class=\"h-full\" id=\"ngrok\">\n    <div id=\"root\" data-payload=\"eyJhZGRyIjoibG9jYWxob3N0OjMwMDAiLCJjZG5CYXNlIjoiaHR0cHM6Ly9jZG4ubmdyb2suY29tLyIsImNvZGUiOiI4MDEyIiwiZXJyb3JUZXh0IjoiZGlhbCB0Y3AgWzo6MV06MzAwMDogY29ubmVjdGV4OiBObyBjb25uZWN0aW9uIGNvdWxkIGJlIG1hZGUgYmVjYXVzZSB0aGUgdGFyZ2V0IG1hY2hpbmUgYWN0aXZlbHkgcmVmdXNlZCBpdC4iLCJtZXNzYWdlIjoiVHJhZmZpYyBzdWNjZXNzZnVsbHkgbWFkZSBpdCB0byB0aGUgbmdyb2sgYWdlbnQsIGJ1dCB0aGUgYWdlbnQgZmFpbGVkIHRvIGVzdGFibGlzaCBhIGNvbm5lY3Rpb24gdG8gdGhlIHVwc3RyZWFtIHdlYiBzZXJ2aWNlIGF0IGxvY2FsaG9zdDozMDAwLiIsInNjaGVtZSI6Imh0dHAiLCJ0aXRsZSI6IkJhZCBSZXF1ZXN0In0=\"></div>\n  </body>\n</html>\n"
[2025-10-28T23:42:50.650Z] ERROR: ❌ Error sending IPN: "<!DOCTYPE html>\n<html class=\"h-full\" lang=\"en-US\" dir=\"ltr\">\n  <head>\n    <link rel=\"preload\" href=\"https://cdn.ngrok.com/static/fonts/euclid-square/EuclidSquare-Regular-WebS.woff\" as=\"font\" type=\"font/woff\" crossorigin=\"anonymous\" />\n    <link rel=\"preload\" href=\"https://cdn.ngrok.com/static/fonts/euclid-square/EuclidSquare-RegularItalic-WebS.woff\" as=\"font\" type=\"font/woff\" crossorigin=\"anonymous\" />\n    <link rel=\"preload\" href=\"https://cdn.ngrok.com/static/fonts/euclid-square/EuclidSquare-Medium-WebS.woff\" as=\"font\" type=\"font/woff\" crossorigin=\"anonymous\" />\n    <link rel=\"preload\" href=\"https://cdn.ngrok.com/static/fonts/euclid-square/EuclidSquare-Semibold-WebS.woff\" as=\"font\" type=\"font/woff\" crossorigin=\"anonymous\" />\n    <link rel=\"preload\" href=\"https://cdn.ngrok.com/static/fonts/euclid-square/EuclidSquare-MediumItalic-WebS.woff\" as=\"font\" type=\"font/woff\" crossorigin=\"anonymous\" />\n    <link rel=\"preload\" href=\"https://cdn.ngrok.com/static/fonts/ibm-plex-mono/IBMPlexMono-Text.woff\" as=\"font\" type=\"font/woff\" crossorigin=\"anonymous\" />\n    <link rel=\"preload\" href=\"https://cdn.ngrok.com/static/fonts/ibm-plex-mono/IBMPlexMono-TextItalic.woff\" as=\"font\" type=\"font/woff\" crossorigin=\"anonymous\" />\n    <link rel=\"preload\" href=\"https://cdn.ngrok.com/static/fonts/ibm-plex-mono/IBMPlexMono-SemiBold.woff\" as=\"font\" type=\"font/woff\" crossorigin=\"anonymous\" />\n    <link rel=\"preload\" href=\"https://cdn.ngrok.com/static/fonts/ibm-plex-mono/IBMPlexMono-SemiBoldItalic.woff\" as=\"font\" type=\"font/woff\" crossorigin=\"anonymous\" />\n    <meta charset=\"utf-8\">\n    <meta name=\"author\" content=\"ngrok\">\n    <meta name=\"description\" content=\"ngrok is the fastest way to put anything on the internet with a single command.\">\n    <meta name=\"robots\" content=\"noindex, nofollow\">\n    <meta name=\"viewport\" content=\"width=device-width, initial-scale=1\">\n    <link id=\"style\" rel=\"stylesheet\" href=\"https://cdn.ngrok.com/static/css/error.css\">\n    <noscript>Traffic successfully made it to the ngrok agent, but the agent failed to establish a connection to the upstream web service at localhost:3000. (ERR_NGROK_8012)</noscript>\n    <script id=\"script\" src=\"https://cdn.ngrok.com/static/js/error.js\" type=\"text/javascript\"></script>\n  </head>\n  <body class=\"h-full\" id=\"ngrok\">\n    <div id=\"root\" data-payload=\"eyJhZGRyIjoibG9jYWxob3N0OjMwMDAiLCJjZG5CYXNlIjoiaHR0cHM6Ly9jZG4ubmdyb2suY29tLyIsImNvZGUiOiI4MDEyIiwiZXJyb3JUZXh0IjoiZGlhbCB0Y3AgWzo6MV06MzAwMDogY29ubmVjdGV4OiBObyBjb25uZWN0aW9uIGNvdWxkIGJlIG1hZGUgYmVjYXVzZSB0aGUgdGFyZ2V0IG1hY2hpbmUgYWN0aXZlbHkgcmVmdXNlZCBpdC4iLCJtZXNzYWdlIjoiVHJhZmZpYyBzdWNjZXNzZnVsbHkgbWFkZSBpdCB0byB0aGUgbmdyb2sgYWdlbnQsIGJ1dCB0aGUgYWdlbnQgZmFpbGVkIHRvIGVzdGFibGlzaCBhIGNvbm5lY3Rpb24gdG8gdGhlIHVwc3RyZWFtIHdlYiBzZXJ2aWNlIGF0IGxvY2FsaG9zdDozMDAwLiIsInNjaGVtZSI6Imh0dHAiLCJ0aXRsZSI6IkJhZCBSZXF1ZXN0In0=\"></div>\n  </body>\n</html>\n"
[2025-10-28T23:44:50.646Z] ERROR: ❌ Error sending IPN: "<!DOCTYPE html>\n<html class=\"h-full\" lang=\"en-US\" dir=\"ltr\">\n  <head>\n    <link rel=\"preload\" href=\"https://cdn.ngrok.com/static/fonts/euclid-square/EuclidSquare-Regular-WebS.woff\" as=\"font\" type=\"font/woff\" crossorigin=\"anonymous\" />\n    <link rel=\"preload\" href=\"https://cdn.ngrok.com/static/fonts/euclid-square/EuclidSquare-RegularItalic-WebS.woff\" as=\"font\" type=\"font/woff\" crossorigin=\"anonymous\" />\n    <link rel=\"preload\" href=\"https://cdn.ngrok.com/static/fonts/euclid-square/EuclidSquare-Medium-WebS.woff\" as=\"font\" type=\"font/woff\" crossorigin=\"anonymous\" />\n    <link rel=\"preload\" href=\"https://cdn.ngrok.com/static/fonts/euclid-square/EuclidSquare-Semibold-WebS.woff\" as=\"font\" type=\"font/woff\" crossorigin=\"anonymous\" />\n    <link rel=\"preload\" href=\"https://cdn.ngrok.com/static/fonts/euclid-square/EuclidSquare-MediumItalic-WebS.woff\" as=\"font\" type=\"font/woff\" crossorigin=\"anonymous\" />\n    <link rel=\"preload\" href=\"https://cdn.ngrok.com/static/fonts/ibm-plex-mono/IBMPlexMono-Text.woff\" as=\"font\" type=\"font/woff\" crossorigin=\"anonymous\" />\n    <link rel=\"preload\" href=\"https://cdn.ngrok.com/static/fonts/ibm-plex-mono/IBMPlexMono-TextItalic.woff\" as=\"font\" type=\"font/woff\" crossorigin=\"anonymous\" />\n    <link rel=\"preload\" href=\"https://cdn.ngrok.com/static/fonts/ibm-plex-mono/IBMPlexMono-SemiBold.woff\" as=\"font\" type=\"font/woff\" crossorigin=\"anonymous\" />\n    <link rel=\"preload\" href=\"https://cdn.ngrok.com/static/fonts/ibm-plex-mono/IBMPlexMono-SemiBoldItalic.woff\" as=\"font\" type=\"font/woff\" crossorigin=\"anonymous\" />\n    <meta charset=\"utf-8\">\n    <meta name=\"author\" content=\"ngrok\">\n    <meta name=\"description\" content=\"ngrok is the fastest way to put anything on the internet with a single command.\">\n    <meta name=\"robots\" content=\"noindex, nofollow\">\n    <meta name=\"viewport\" content=\"width=device-width, initial-scale=1\">\n    <link id=\"style\" rel=\"stylesheet\" href=\"https://cdn.ngrok.com/static/css/error.css\">\n    <noscript>Traffic successfully made it to the ngrok agent, but the agent failed to establish a connection to the upstream web service at localhost:3000. (ERR_NGROK_8012)</noscript>\n    <script id=\"script\" src=\"https://cdn.ngrok.com/static/js/error.js\" type=\"text/javascript\"></script>\n  </head>\n  <body class=\"h-full\" id=\"ngrok\">\n    <div id=\"root\" data-payload=\"eyJhZGRyIjoibG9jYWxob3N0OjMwMDAiLCJjZG5CYXNlIjoiaHR0cHM6Ly9jZG4ubmdyb2suY29tLyIsImNvZGUiOiI4MDEyIiwiZXJyb3JUZXh0IjoiZGlhbCB0Y3AgWzo6MV06MzAwMDogY29ubmVjdGV4OiBObyBjb25uZWN0aW9uIGNvdWxkIGJlIG1hZGUgYmVjYXVzZSB0aGUgdGFyZ2V0IG1hY2hpbmUgYWN0aXZlbHkgcmVmdXNlZCBpdC4iLCJtZXNzYWdlIjoiVHJhZmZpYyBzdWNjZXNzZnVsbHkgbWFkZSBpdCB0byB0aGUgbmdyb2sgYWdlbnQsIGJ1dCB0aGUgYWdlbnQgZmFpbGVkIHRvIGVzdGFibGlzaCBhIGNvbm5lY3Rpb24gdG8gdGhlIHVwc3RyZWFtIHdlYiBzZXJ2aWNlIGF0IGxvY2FsaG9zdDozMDAwLiIsInNjaGVtZSI6Imh0dHAiLCJ0aXRsZSI6IkJhZCBSZXF1ZXN0In0=\"></div>\n  </body>\n</html>\n"
[2025-10-28T23:46:50.808Z] ERROR: ❌ Error sending IPN: "<!DOCTYPE html>\n<html class=\"h-full\" lang=\"en-US\" dir=\"ltr\">\n  <head>\n    <link rel=\"preload\" href=\"https://cdn.ngrok.com/static/fonts/euclid-square/EuclidSquare-Regular-WebS.woff\" as=\"font\" type=\"font/woff\" crossorigin=\"anonymous\" />\n    <link rel=\"preload\" href=\"https://cdn.ngrok.com/static/fonts/euclid-square/EuclidSquare-RegularItalic-WebS.woff\" as=\"font\" type=\"font/woff\" crossorigin=\"anonymous\" />\n    <link rel=\"preload\" href=\"https://cdn.ngrok.com/static/fonts/euclid-square/EuclidSquare-Medium-WebS.woff\" as=\"font\" type=\"font/woff\" crossorigin=\"anonymous\" />\n    <link rel=\"preload\" href=\"https://cdn.ngrok.com/static/fonts/euclid-square/EuclidSquare-Semibold-WebS.woff\" as=\"font\" type=\"font/woff\" crossorigin=\"anonymous\" />\n    <link rel=\"preload\" href=\"https://cdn.ngrok.com/static/fonts/euclid-square/EuclidSquare-MediumItalic-WebS.woff\" as=\"font\" type=\"font/woff\" crossorigin=\"anonymous\" />\n    <link rel=\"preload\" href=\"https://cdn.ngrok.com/static/fonts/ibm-plex-mono/IBMPlexMono-Text.woff\" as=\"font\" type=\"font/woff\" crossorigin=\"anonymous\" />\n    <link rel=\"preload\" href=\"https://cdn.ngrok.com/static/fonts/ibm-plex-mono/IBMPlexMono-TextItalic.woff\" as=\"font\" type=\"font/woff\" crossorigin=\"anonymous\" />\n    <link rel=\"preload\" href=\"https://cdn.ngrok.com/static/fonts/ibm-plex-mono/IBMPlexMono-SemiBold.woff\" as=\"font\" type=\"font/woff\" crossorigin=\"anonymous\" />\n    <link rel=\"preload\" href=\"https://cdn.ngrok.com/static/fonts/ibm-plex-mono/IBMPlexMono-SemiBoldItalic.woff\" as=\"font\" type=\"font/woff\" crossorigin=\"anonymous\" />\n    <meta charset=\"utf-8\">\n    <meta name=\"author\" content=\"ngrok\">\n    <meta name=\"description\" content=\"ngrok is the fastest way to put anything on the internet with a single command.\">\n    <meta name=\"robots\" content=\"noindex, nofollow\">\n    <meta name=\"viewport\" content=\"width=device-width, initial-scale=1\">\n    <link id=\"style\" rel=\"stylesheet\" href=\"https://cdn.ngrok.com/static/css/error.css\">\n    <noscript>Traffic successfully made it to the ngrok agent, but the agent failed to establish a connection to the upstream web service at localhost:3000. (ERR_NGROK_8012)</noscript>\n    <script id=\"script\" src=\"https://cdn.ngrok.com/static/js/error.js\" type=\"text/javascript\"></script>\n  </head>\n  <body class=\"h-full\" id=\"ngrok\">\n    <div id=\"root\" data-payload=\"eyJhZGRyIjoibG9jYWxob3N0OjMwMDAiLCJjZG5CYXNlIjoiaHR0cHM6Ly9jZG4ubmdyb2suY29tLyIsImNvZGUiOiI4MDEyIiwiZXJyb3JUZXh0IjoiZGlhbCB0Y3AgWzo6MV06MzAwMDogY29ubmVjdGV4OiBObyBjb25uZWN0aW9uIGNvdWxkIGJlIG1hZGUgYmVjYXVzZSB0aGUgdGFyZ2V0IG1hY2hpbmUgYWN0aXZlbHkgcmVmdXNlZCBpdC4iLCJtZXNzYWdlIjoiVHJhZmZpYyBzdWNjZXNzZnVsbHkgbWFkZSBpdCB0byB0aGUgbmdyb2sgYWdlbnQsIGJ1dCB0aGUgYWdlbnQgZmFpbGVkIHRvIGVzdGFibGlzaCBhIGNvbm5lY3Rpb24gdG8gdGhlIHVwc3RyZWFtIHdlYiBzZXJ2aWNlIGF0IGxvY2FsaG9zdDozMDAwLiIsInNjaGVtZSI6Imh0dHAiLCJ0aXRsZSI6IkJhZCBSZXF1ZXN0In0=\"></div>\n  </body>\n</html>\n"
[2025-10-28T23:47:50.713Z] ERROR: ❌ Error sending IPN: "<!DOCTYPE html>\n<html class=\"h-full\" lang=\"en-US\" dir=\"ltr\">\n  <head>\n    <link rel=\"preload\" href=\"https://cdn.ngrok.com/static/fonts/euclid-square/EuclidSquare-Regular-WebS.woff\" as=\"font\" type=\"font/woff\" crossorigin=\"anonymous\" />\n    <link rel=\"preload\" href=\"https://cdn.ngrok.com/static/fonts/euclid-square/EuclidSquare-RegularItalic-WebS.woff\" as=\"font\" type=\"font/woff\" crossorigin=\"anonymous\" />\n    <link rel=\"preload\" href=\"https://cdn.ngrok.com/static/fonts/euclid-square/EuclidSquare-Medium-WebS.woff\" as=\"font\" type=\"font/woff\" crossorigin=\"anonymous\" />\n    <link rel=\"preload\" href=\"https://cdn.ngrok.com/static/fonts/euclid-square/EuclidSquare-Semibold-WebS.woff\" as=\"font\" type=\"font/woff\" crossorigin=\"anonymous\" />\n    <link rel=\"preload\" href=\"https://cdn.ngrok.com/static/fonts/euclid-square/EuclidSquare-MediumItalic-WebS.woff\" as=\"font\" type=\"font/woff\" crossorigin=\"anonymous\" />\n    <link rel=\"preload\" href=\"https://cdn.ngrok.com/static/fonts/ibm-plex-mono/IBMPlexMono-Text.woff\" as=\"font\" type=\"font/woff\" crossorigin=\"anonymous\" />\n    <link rel=\"preload\" href=\"https://cdn.ngrok.com/static/fonts/ibm-plex-mono/IBMPlexMono-TextItalic.woff\" as=\"font\" type=\"font/woff\" crossorigin=\"anonymous\" />\n    <link rel=\"preload\" href=\"https://cdn.ngrok.com/static/fonts/ibm-plex-mono/IBMPlexMono-SemiBold.woff\" as=\"font\" type=\"font/woff\" crossorigin=\"anonymous\" />\n    <link rel=\"preload\" href=\"https://cdn.ngrok.com/static/fonts/ibm-plex-mono/IBMPlexMono-SemiBoldItalic.woff\" as=\"font\" type=\"font/woff\" crossorigin=\"anonymous\" />\n    <meta charset=\"utf-8\">\n    <meta name=\"author\" content=\"ngrok\">\n    <meta name=\"description\" content=\"ngrok is the fastest way to put anything on the internet with a single command.\">\n    <meta name=\"robots\" content=\"noindex, nofollow\">\n    <meta name=\"viewport\" content=\"width=device-width, initial-scale=1\">\n    <link id=\"style\" rel=\"stylesheet\" href=\"https://cdn.ngrok.com/static/css/error.css\">\n    <noscript>Traffic successfully made it to the ngrok agent, but the agent failed to establish a connection to the upstream web service at localhost:3000. (ERR_NGROK_8012)</noscript>\n    <script id=\"script\" src=\"https://cdn.ngrok.com/static/js/error.js\" type=\"text/javascript\"></script>\n  </head>\n  <body class=\"h-full\" id=\"ngrok\">\n    <div id=\"root\" data-payload=\"eyJhZGRyIjoibG9jYWxob3N0OjMwMDAiLCJjZG5CYXNlIjoiaHR0cHM6Ly9jZG4ubmdyb2suY29tLyIsImNvZGUiOiI4MDEyIiwiZXJyb3JUZXh0IjoiZGlhbCB0Y3AgWzo6MV06MzAwMDogY29ubmVjdGV4OiBObyBjb25uZWN0aW9uIGNvdWxkIGJlIG1hZGUgYmVjYXVzZSB0aGUgdGFyZ2V0IG1hY2hpbmUgYWN0aXZlbHkgcmVmdXNlZCBpdC4iLCJtZXNzYWdlIjoiVHJhZmZpYyBzdWNjZXNzZnVsbHkgbWFkZSBpdCB0byB0aGUgbmdyb2sgYWdlbnQsIGJ1dCB0aGUgYWdlbnQgZmFpbGVkIHRvIGVzdGFibGlzaCBhIGNvbm5lY3Rpb24gdG8gdGhlIHVwc3RyZWFtIHdlYiBzZXJ2aWNlIGF0IGxvY2FsaG9zdDozMDAwLiIsInNjaGVtZSI6Imh0dHAiLCJ0aXRsZSI6IkJhZCBSZXF1ZXN0In0=\"></div>\n  </body>\n</html>\n"
[2025-10-28T23:48:20.871Z] ERROR: ❌ Error sending IPN: "<!DOCTYPE html>\n<html class=\"h-full\" lang=\"en-US\" dir=\"ltr\">\n  <head>\n    <link rel=\"preload\" href=\"https://cdn.ngrok.com/static/fonts/euclid-square/EuclidSquare-Regular-WebS.woff\" as=\"font\" type=\"font/woff\" crossorigin=\"anonymous\" />\n    <link rel=\"preload\" href=\"https://cdn.ngrok.com/static/fonts/euclid-square/EuclidSquare-RegularItalic-WebS.woff\" as=\"font\" type=\"font/woff\" crossorigin=\"anonymous\" />\n    <link rel=\"preload\" href=\"https://cdn.ngrok.com/static/fonts/euclid-square/EuclidSquare-Medium-WebS.woff\" as=\"font\" type=\"font/woff\" crossorigin=\"anonymous\" />\n    <link rel=\"preload\" href=\"https://cdn.ngrok.com/static/fonts/euclid-square/EuclidSquare-Semibold-WebS.woff\" as=\"font\" type=\"font/woff\" crossorigin=\"anonymous\" />\n    <link rel=\"preload\" href=\"https://cdn.ngrok.com/static/fonts/euclid-square/EuclidSquare-MediumItalic-WebS.woff\" as=\"font\" type=\"font/woff\" crossorigin=\"anonymous\" />\n    <link rel=\"preload\" href=\"https://cdn.ngrok.com/static/fonts/ibm-plex-mono/IBMPlexMono-Text.woff\" as=\"font\" type=\"font/woff\" crossorigin=\"anonymous\" />\n    <link rel=\"preload\" href=\"https://cdn.ngrok.com/static/fonts/ibm-plex-mono/IBMPlexMono-TextItalic.woff\" as=\"font\" type=\"font/woff\" crossorigin=\"anonymous\" />\n    <link rel=\"preload\" href=\"https://cdn.ngrok.com/static/fonts/ibm-plex-mono/IBMPlexMono-SemiBold.woff\" as=\"font\" type=\"font/woff\" crossorigin=\"anonymous\" />\n    <link rel=\"preload\" href=\"https://cdn.ngrok.com/static/fonts/ibm-plex-mono/IBMPlexMono-SemiBoldItalic.woff\" as=\"font\" type=\"font/woff\" crossorigin=\"anonymous\" />\n    <meta charset=\"utf-8\">\n    <meta name=\"author\" content=\"ngrok\">\n    <meta name=\"description\" content=\"ngrok is the fastest way to put anything on the internet with a single command.\">\n    <meta name=\"robots\" content=\"noindex, nofollow\">\n    <meta name=\"viewport\" content=\"width=device-width, initial-scale=1\">\n    <link id=\"style\" rel=\"stylesheet\" href=\"https://cdn.ngrok.com/static/css/error.css\">\n    <noscript>Traffic successfully made it to the ngrok agent, but the agent failed to establish a connection to the upstream web service at localhost:3000. (ERR_NGROK_8012)</noscript>\n    <script id=\"script\" src=\"https://cdn.ngrok.com/static/js/error.js\" type=\"text/javascript\"></script>\n  </head>\n  <body class=\"h-full\" id=\"ngrok\">\n    <div id=\"root\" data-payload=\"eyJhZGRyIjoibG9jYWxob3N0OjMwMDAiLCJjZG5CYXNlIjoiaHR0cHM6Ly9jZG4ubmdyb2suY29tLyIsImNvZGUiOiI4MDEyIiwiZXJyb3JUZXh0IjoiZGlhbCB0Y3AgWzo6MV06MzAwMDogY29ubmVjdGV4OiBObyBjb25uZWN0aW9uIGNvdWxkIGJlIG1hZGUgYmVjYXVzZSB0aGUgdGFyZ2V0IG1hY2hpbmUgYWN0aXZlbHkgcmVmdXNlZCBpdC4iLCJtZXNzYWdlIjoiVHJhZmZpYyBzdWNjZXNzZnVsbHkgbWFkZSBpdCB0byB0aGUgbmdyb2sgYWdlbnQsIGJ1dCB0aGUgYWdlbnQgZmFpbGVkIHRvIGVzdGFibGlzaCBhIGNvbm5lY3Rpb24gdG8gdGhlIHVwc3RyZWFtIHdlYiBzZXJ2aWNlIGF0IGxvY2FsaG9zdDozMDAwLiIsInNjaGVtZSI6Imh0dHAiLCJ0aXRsZSI6IkJhZCBSZXF1ZXN0In0=\"></div>\n  </body>\n</html>\n"
[2025-10-28T23:51:23.098Z] ERROR: ❌ Error sending IPN: "<!DOCTYPE html>\n<html class=\"h-full\" lang=\"en-US\" dir=\"ltr\">\n  <head>\n    <link rel=\"preload\" href=\"https://cdn.ngrok.com/static/fonts/euclid-square/EuclidSquare-Regular-WebS.woff\" as=\"font\" type=\"font/woff\" crossorigin=\"anonymous\" />\n    <link rel=\"preload\" href=\"https://cdn.ngrok.com/static/fonts/euclid-square/EuclidSquare-RegularItalic-WebS.woff\" as=\"font\" type=\"font/woff\" crossorigin=\"anonymous\" />\n    <link rel=\"preload\" href=\"https://cdn.ngrok.com/static/fonts/euclid-square/EuclidSquare-Medium-WebS.woff\" as=\"font\" type=\"font/woff\" crossorigin=\"anonymous\" />\n    <link rel=\"preload\" href=\"https://cdn.ngrok.com/static/fonts/euclid-square/EuclidSquare-Semibold-WebS.woff\" as=\"font\" type=\"font/woff\" crossorigin=\"anonymous\" />\n    <link rel=\"preload\" href=\"https://cdn.ngrok.com/static/fonts/euclid-square/EuclidSquare-MediumItalic-WebS.woff\" as=\"font\" type=\"font/woff\" crossorigin=\"anonymous\" />\n    <link rel=\"preload\" href=\"https://cdn.ngrok.com/static/fonts/ibm-plex-mono/IBMPlexMono-Text.woff\" as=\"font\" type=\"font/woff\" crossorigin=\"anonymous\" />\n    <link rel=\"preload\" href=\"https://cdn.ngrok.com/static/fonts/ibm-plex-mono/IBMPlexMono-TextItalic.woff\" as=\"font\" type=\"font/woff\" crossorigin=\"anonymous\" />\n    <link rel=\"preload\" href=\"https://cdn.ngrok.com/static/fonts/ibm-plex-mono/IBMPlexMono-SemiBold.woff\" as=\"font\" type=\"font/woff\" crossorigin=\"anonymous\" />\n    <link rel=\"preload\" href=\"https://cdn.ngrok.com/static/fonts/ibm-plex-mono/IBMPlexMono-SemiBoldItalic.woff\" as=\"font\" type=\"font/woff\" crossorigin=\"anonymous\" />\n    <meta charset=\"utf-8\">\n    <meta name=\"author\" content=\"ngrok\">\n    <meta name=\"description\" content=\"ngrok is the fastest way to put anything on the internet with a single command.\">\n    <meta name=\"robots\" content=\"noindex, nofollow\">\n    <meta name=\"viewport\" content=\"width=device-width, initial-scale=1\">\n    <link id=\"style\" rel=\"stylesheet\" href=\"https://cdn.ngrok.com/static/css/error.css\">\n    <noscript>Traffic successfully made it to the ngrok agent, but the agent failed to establish a connection to the upstream web service at localhost:3000. (ERR_NGROK_8012)</noscript>\n    <script id=\"script\" src=\"https://cdn.ngrok.com/static/js/error.js\" type=\"text/javascript\"></script>\n  </head>\n  <body class=\"h-full\" id=\"ngrok\">\n    <div id=\"root\" data-payload=\"eyJhZGRyIjoibG9jYWxob3N0OjMwMDAiLCJjZG5CYXNlIjoiaHR0cHM6Ly9jZG4ubmdyb2suY29tLyIsImNvZGUiOiI4MDEyIiwiZXJyb3JUZXh0IjoiZGlhbCB0Y3AgWzo6MV06MzAwMDogY29ubmVjdGV4OiBObyBjb25uZWN0aW9uIGNvdWxkIGJlIG1hZGUgYmVjYXVzZSB0aGUgdGFyZ2V0IG1hY2hpbmUgYWN0aXZlbHkgcmVmdXNlZCBpdC4iLCJtZXNzYWdlIjoiVHJhZmZpYyBzdWNjZXNzZnVsbHkgbWFkZSBpdCB0byB0aGUgbmdyb2sgYWdlbnQsIGJ1dCB0aGUgYWdlbnQgZmFpbGVkIHRvIGVzdGFibGlzaCBhIGNvbm5lY3Rpb24gdG8gdGhlIHVwc3RyZWFtIHdlYiBzZXJ2aWNlIGF0IGxvY2FsaG9zdDozMDAwLiIsInNjaGVtZSI6Imh0dHAiLCJ0aXRsZSI6IkJhZCBSZXF1ZXN0In0=\"></div>\n  </body>\n</html>\n"
[2025-10-28T23:51:50.994Z] ERROR: ❌ Error sending IPN: "<!DOCTYPE html>\n<html class=\"h-full\" lang=\"en-US\" dir=\"ltr\">\n  <head>\n    <link rel=\"preload\" href=\"https://cdn.ngrok.com/static/fonts/euclid-square/EuclidSquare-Regular-WebS.woff\" as=\"font\" type=\"font/woff\" crossorigin=\"anonymous\" />\n    <link rel=\"preload\" href=\"https://cdn.ngrok.com/static/fonts/euclid-square/EuclidSquare-RegularItalic-WebS.woff\" as=\"font\" type=\"font/woff\" crossorigin=\"anonymous\" />\n    <link rel=\"preload\" href=\"https://cdn.ngrok.com/static/fonts/euclid-square/EuclidSquare-Medium-WebS.woff\" as=\"font\" type=\"font/woff\" crossorigin=\"anonymous\" />\n    <link rel=\"preload\" href=\"https://cdn.ngrok.com/static/fonts/euclid-square/EuclidSquare-Semibold-WebS.woff\" as=\"font\" type=\"font/woff\" crossorigin=\"anonymous\" />\n    <link rel=\"preload\" href=\"https://cdn.ngrok.com/static/fonts/euclid-square/EuclidSquare-MediumItalic-WebS.woff\" as=\"font\" type=\"font/woff\" crossorigin=\"anonymous\" />\n    <link rel=\"preload\" href=\"https://cdn.ngrok.com/static/fonts/ibm-plex-mono/IBMPlexMono-Text.woff\" as=\"font\" type=\"font/woff\" crossorigin=\"anonymous\" />\n    <link rel=\"preload\" href=\"https://cdn.ngrok.com/static/fonts/ibm-plex-mono/IBMPlexMono-TextItalic.woff\" as=\"font\" type=\"font/woff\" crossorigin=\"anonymous\" />\n    <link rel=\"preload\" href=\"https://cdn.ngrok.com/static/fonts/ibm-plex-mono/IBMPlexMono-SemiBold.woff\" as=\"font\" type=\"font/woff\" crossorigin=\"anonymous\" />\n    <link rel=\"preload\" href=\"https://cdn.ngrok.com/static/fonts/ibm-plex-mono/IBMPlexMono-SemiBoldItalic.woff\" as=\"font\" type=\"font/woff\" crossorigin=\"anonymous\" />\n    <meta charset=\"utf-8\">\n    <meta name=\"author\" content=\"ngrok\">\n    <meta name=\"description\" content=\"ngrok is the fastest way to put anything on the internet with a single command.\">\n    <meta name=\"robots\" content=\"noindex, nofollow\">\n    <meta name=\"viewport\" content=\"width=device-width, initial-scale=1\">\n    <link id=\"style\" rel=\"stylesheet\" href=\"https://cdn.ngrok.com/static/css/error.css\">\n    <noscript>Traffic successfully made it to the ngrok agent, but the agent failed to establish a connection to the upstream web service at localhost:3000. (ERR_NGROK_8012)</noscript>\n    <script id=\"script\" src=\"https://cdn.ngrok.com/static/js/error.js\" type=\"text/javascript\"></script>\n  </head>\n  <body class=\"h-full\" id=\"ngrok\">\n    <div id=\"root\" data-payload=\"eyJhZGRyIjoibG9jYWxob3N0OjMwMDAiLCJjZG5CYXNlIjoiaHR0cHM6Ly9jZG4ubmdyb2suY29tLyIsImNvZGUiOiI4MDEyIiwiZXJyb3JUZXh0IjoiZGlhbCB0Y3AgWzo6MV06MzAwMDogY29ubmVjdGV4OiBObyBjb25uZWN0aW9uIGNvdWxkIGJlIG1hZGUgYmVjYXVzZSB0aGUgdGFyZ2V0IG1hY2hpbmUgYWN0aXZlbHkgcmVmdXNlZCBpdC4iLCJtZXNzYWdlIjoiVHJhZmZpYyBzdWNjZXNzZnVsbHkgbWFkZSBpdCB0byB0aGUgbmdyb2sgYWdlbnQsIGJ1dCB0aGUgYWdlbnQgZmFpbGVkIHRvIGVzdGFibGlzaCBhIGNvbm5lY3Rpb24gdG8gdGhlIHVwc3RyZWFtIHdlYiBzZXJ2aWNlIGF0IGxvY2FsaG9zdDozMDAwLiIsInNjaGVtZSI6Imh0dHAiLCJ0aXRsZSI6IkJhZCBSZXF1ZXN0In0=\"></div>\n  </body>\n</html>\n"
[2025-10-28T23:52:20.538Z] ERROR: ❌ Error sending IPN: "<!DOCTYPE html>\n<html class=\"h-full\" lang=\"en-US\" dir=\"ltr\">\n  <head>\n    <link rel=\"preload\" href=\"https://cdn.ngrok.com/static/fonts/euclid-square/EuclidSquare-Regular-WebS.woff\" as=\"font\" type=\"font/woff\" crossorigin=\"anonymous\" />\n    <link rel=\"preload\" href=\"https://cdn.ngrok.com/static/fonts/euclid-square/EuclidSquare-RegularItalic-WebS.woff\" as=\"font\" type=\"font/woff\" crossorigin=\"anonymous\" />\n    <link rel=\"preload\" href=\"https://cdn.ngrok.com/static/fonts/euclid-square/EuclidSquare-Medium-WebS.woff\" as=\"font\" type=\"font/woff\" crossorigin=\"anonymous\" />\n    <link rel=\"preload\" href=\"https://cdn.ngrok.com/static/fonts/euclid-square/EuclidSquare-Semibold-WebS.woff\" as=\"font\" type=\"font/woff\" crossorigin=\"anonymous\" />\n    <link rel=\"preload\" href=\"https://cdn.ngrok.com/static/fonts/euclid-square/EuclidSquare-MediumItalic-WebS.woff\" as=\"font\" type=\"font/woff\" crossorigin=\"anonymous\" />\n    <link rel=\"preload\" href=\"https://cdn.ngrok.com/static/fonts/ibm-plex-mono/IBMPlexMono-Text.woff\" as=\"font\" type=\"font/woff\" crossorigin=\"anonymous\" />\n    <link rel=\"preload\" href=\"https://cdn.ngrok.com/static/fonts/ibm-plex-mono/IBMPlexMono-TextItalic.woff\" as=\"font\" type=\"font/woff\" crossorigin=\"anonymous\" />\n    <link rel=\"preload\" href=\"https://cdn.ngrok.com/static/fonts/ibm-plex-mono/IBMPlexMono-SemiBold.woff\" as=\"font\" type=\"font/woff\" crossorigin=\"anonymous\" />\n    <link rel=\"preload\" href=\"https://cdn.ngrok.com/static/fonts/ibm-plex-mono/IBMPlexMono-SemiBoldItalic.woff\" as=\"font\" type=\"font/woff\" crossorigin=\"anonymous\" />\n    <meta charset=\"utf-8\">\n    <meta name=\"author\" content=\"ngrok\">\n    <meta name=\"description\" content=\"ngrok is the fastest way to put anything on the internet with a single command.\">\n    <meta name=\"robots\" content=\"noindex, nofollow\">\n    <meta name=\"viewport\" content=\"width=device-width, initial-scale=1\">\n    <link id=\"style\" rel=\"stylesheet\" href=\"https://cdn.ngrok.com/static/css/error.css\">\n    <noscript>Traffic successfully made it to the ngrok agent, but the agent failed to establish a connection to the upstream web service at localhost:3000. (ERR_NGROK_8012)</noscript>\n    <script id=\"script\" src=\"https://cdn.ngrok.com/static/js/error.js\" type=\"text/javascript\"></script>\n  </head>\n  <body class=\"h-full\" id=\"ngrok\">\n    <div id=\"root\" data-payload=\"eyJhZGRyIjoibG9jYWxob3N0OjMwMDAiLCJjZG5CYXNlIjoiaHR0cHM6Ly9jZG4ubmdyb2suY29tLyIsImNvZGUiOiI4MDEyIiwiZXJyb3JUZXh0IjoiZGlhbCB0Y3AgWzo6MV06MzAwMDogY29ubmVjdGV4OiBObyBjb25uZWN0aW9uIGNvdWxkIGJlIG1hZGUgYmVjYXVzZSB0aGUgdGFyZ2V0IG1hY2hpbmUgYWN0aXZlbHkgcmVmdXNlZCBpdC4iLCJtZXNzYWdlIjoiVHJhZmZpYyBzdWNjZXNzZnVsbHkgbWFkZSBpdCB0byB0aGUgbmdyb2sgYWdlbnQsIGJ1dCB0aGUgYWdlbnQgZmFpbGVkIHRvIGVzdGFibGlzaCBhIGNvbm5lY3Rpb24gdG8gdGhlIHVwc3RyZWFtIHdlYiBzZXJ2aWNlIGF0IGxvY2FsaG9zdDozMDAwLiIsInNjaGVtZSI6Imh0dHAiLCJ0aXRsZSI6IkJhZCBSZXF1ZXN0In0=\"></div>\n  </body>\n</html>\n"
[2025-10-28T23:53:50.208Z] ERROR: ❌ Error sending IPN: "<!DOCTYPE html>\n<html class=\"h-full\" lang=\"en-US\" dir=\"ltr\">\n  <head>\n    <link rel=\"preload\" href=\"https://cdn.ngrok.com/static/fonts/euclid-square/EuclidSquare-Regular-WebS.woff\" as=\"font\" type=\"font/woff\" crossorigin=\"anonymous\" />\n    <link rel=\"preload\" href=\"https://cdn.ngrok.com/static/fonts/euclid-square/EuclidSquare-RegularItalic-WebS.woff\" as=\"font\" type=\"font/woff\" crossorigin=\"anonymous\" />\n    <link rel=\"preload\" href=\"https://cdn.ngrok.com/static/fonts/euclid-square/EuclidSquare-Medium-WebS.woff\" as=\"font\" type=\"font/woff\" crossorigin=\"anonymous\" />\n    <link rel=\"preload\" href=\"https://cdn.ngrok.com/static/fonts/euclid-square/EuclidSquare-Semibold-WebS.woff\" as=\"font\" type=\"font/woff\" crossorigin=\"anonymous\" />\n    <link rel=\"preload\" href=\"https://cdn.ngrok.com/static/fonts/euclid-square/EuclidSquare-MediumItalic-WebS.woff\" as=\"font\" type=\"font/woff\" crossorigin=\"anonymous\" />\n    <link rel=\"preload\" href=\"https://cdn.ngrok.com/static/fonts/ibm-plex-mono/IBMPlexMono-Text.woff\" as=\"font\" type=\"font/woff\" crossorigin=\"anonymous\" />\n    <link rel=\"preload\" href=\"https://cdn.ngrok.com/static/fonts/ibm-plex-mono/IBMPlexMono-TextItalic.woff\" as=\"font\" type=\"font/woff\" crossorigin=\"anonymous\" />\n    <link rel=\"preload\" href=\"https://cdn.ngrok.com/static/fonts/ibm-plex-mono/IBMPlexMono-SemiBold.woff\" as=\"font\" type=\"font/woff\" crossorigin=\"anonymous\" />\n    <link rel=\"preload\" href=\"https://cdn.ngrok.com/static/fonts/ibm-plex-mono/IBMPlexMono-SemiBoldItalic.woff\" as=\"font\" type=\"font/woff\" crossorigin=\"anonymous\" />\n    <meta charset=\"utf-8\">\n    <meta name=\"author\" content=\"ngrok\">\n    <meta name=\"description\" content=\"ngrok is the fastest way to put anything on the internet with a single command.\">\n    <meta name=\"robots\" content=\"noindex, nofollow\">\n    <meta name=\"viewport\" content=\"width=device-width, initial-scale=1\">\n    <link id=\"style\" rel=\"stylesheet\" href=\"https://cdn.ngrok.com/static/css/error.css\">\n    <noscript>Traffic successfully made it to the ngrok agent, but the agent failed to establish a connection to the upstream web service at localhost:3000. (ERR_NGROK_8012)</noscript>\n    <script id=\"script\" src=\"https://cdn.ngrok.com/static/js/error.js\" type=\"text/javascript\"></script>\n  </head>\n  <body class=\"h-full\" id=\"ngrok\">\n    <div id=\"root\" data-payload=\"eyJhZGRyIjoibG9jYWxob3N0OjMwMDAiLCJjZG5CYXNlIjoiaHR0cHM6Ly9jZG4ubmdyb2suY29tLyIsImNvZGUiOiI4MDEyIiwiZXJyb3JUZXh0IjoiZGlhbCB0Y3AgWzo6MV06MzAwMDogY29ubmVjdGV4OiBObyBjb25uZWN0aW9uIGNvdWxkIGJlIG1hZGUgYmVjYXVzZSB0aGUgdGFyZ2V0IG1hY2hpbmUgYWN0aXZlbHkgcmVmdXNlZCBpdC4iLCJtZXNzYWdlIjoiVHJhZmZpYyBzdWNjZXNzZnVsbHkgbWFkZSBpdCB0byB0aGUgbmdyb2sgYWdlbnQsIGJ1dCB0aGUgYWdlbnQgZmFpbGVkIHRvIGVzdGFibGlzaCBhIGNvbm5lY3Rpb24gdG8gdGhlIHVwc3RyZWFtIHdlYiBzZXJ2aWNlIGF0IGxvY2FsaG9zdDozMDAwLiIsInNjaGVtZSI6Imh0dHAiLCJ0aXRsZSI6IkJhZCBSZXF1ZXN0In0=\"></div>\n  </body>\n</html>\n"
[2025-10-28T23:54:49.970Z] ERROR: ❌ Error sending IPN: "<!DOCTYPE html>\n<html class=\"h-full\" lang=\"en-US\" dir=\"ltr\">\n  <head>\n    <link rel=\"preload\" href=\"https://cdn.ngrok.com/static/fonts/euclid-square/EuclidSquare-Regular-WebS.woff\" as=\"font\" type=\"font/woff\" crossorigin=\"anonymous\" />\n    <link rel=\"preload\" href=\"https://cdn.ngrok.com/static/fonts/euclid-square/EuclidSquare-RegularItalic-WebS.woff\" as=\"font\" type=\"font/woff\" crossorigin=\"anonymous\" />\n    <link rel=\"preload\" href=\"https://cdn.ngrok.com/static/fonts/euclid-square/EuclidSquare-Medium-WebS.woff\" as=\"font\" type=\"font/woff\" crossorigin=\"anonymous\" />\n    <link rel=\"preload\" href=\"https://cdn.ngrok.com/static/fonts/euclid-square/EuclidSquare-Semibold-WebS.woff\" as=\"font\" type=\"font/woff\" crossorigin=\"anonymous\" />\n    <link rel=\"preload\" href=\"https://cdn.ngrok.com/static/fonts/euclid-square/EuclidSquare-MediumItalic-WebS.woff\" as=\"font\" type=\"font/woff\" crossorigin=\"anonymous\" />\n    <link rel=\"preload\" href=\"https://cdn.ngrok.com/static/fonts/ibm-plex-mono/IBMPlexMono-Text.woff\" as=\"font\" type=\"font/woff\" crossorigin=\"anonymous\" />\n    <link rel=\"preload\" href=\"https://cdn.ngrok.com/static/fonts/ibm-plex-mono/IBMPlexMono-TextItalic.woff\" as=\"font\" type=\"font/woff\" crossorigin=\"anonymous\" />\n    <link rel=\"preload\" href=\"https://cdn.ngrok.com/static/fonts/ibm-plex-mono/IBMPlexMono-SemiBold.woff\" as=\"font\" type=\"font/woff\" crossorigin=\"anonymous\" />\n    <link rel=\"preload\" href=\"https://cdn.ngrok.com/static/fonts/ibm-plex-mono/IBMPlexMono-SemiBoldItalic.woff\" as=\"font\" type=\"font/woff\" crossorigin=\"anonymous\" />\n    <meta charset=\"utf-8\">\n    <meta name=\"author\" content=\"ngrok\">\n    <meta name=\"description\" content=\"ngrok is the fastest way to put anything on the internet with a single command.\">\n    <meta name=\"robots\" content=\"noindex, nofollow\">\n    <meta name=\"viewport\" content=\"width=device-width, initial-scale=1\">\n    <link id=\"style\" rel=\"stylesheet\" href=\"https://cdn.ngrok.com/static/css/error.css\">\n    <noscript>Traffic successfully made it to the ngrok agent, but the agent failed to establish a connection to the upstream web service at localhost:3000. (ERR_NGROK_8012)</noscript>\n    <script id=\"script\" src=\"https://cdn.ngrok.com/static/js/error.js\" type=\"text/javascript\"></script>\n  </head>\n  <body class=\"h-full\" id=\"ngrok\">\n    <div id=\"root\" data-payload=\"eyJhZGRyIjoibG9jYWxob3N0OjMwMDAiLCJjZG5CYXNlIjoiaHR0cHM6Ly9jZG4ubmdyb2suY29tLyIsImNvZGUiOiI4MDEyIiwiZXJyb3JUZXh0IjoiZGlhbCB0Y3AgWzo6MV06MzAwMDogY29ubmVjdGV4OiBObyBjb25uZWN0aW9uIGNvdWxkIGJlIG1hZGUgYmVjYXVzZSB0aGUgdGFyZ2V0IG1hY2hpbmUgYWN0aXZlbHkgcmVmdXNlZCBpdC4iLCJtZXNzYWdlIjoiVHJhZmZpYyBzdWNjZXNzZnVsbHkgbWFkZSBpdCB0byB0aGUgbmdyb2sgYWdlbnQsIGJ1dCB0aGUgYWdlbnQgZmFpbGVkIHRvIGVzdGFibGlzaCBhIGNvbm5lY3Rpb24gdG8gdGhlIHVwc3RyZWFtIHdlYiBzZXJ2aWNlIGF0IGxvY2FsaG9zdDozMDAwLiIsInNjaGVtZSI6Imh0dHAiLCJ0aXRsZSI6IkJhZCBSZXF1ZXN0In0=\"></div>\n  </body>\n</html>\n"
[2025-10-28T23:55:50.252Z] ERROR: ❌ Error sending IPN: "<!DOCTYPE html>\n<html class=\"h-full\" lang=\"en-US\" dir=\"ltr\">\n  <head>\n    <link rel=\"preload\" href=\"https://cdn.ngrok.com/static/fonts/euclid-square/EuclidSquare-Regular-WebS.woff\" as=\"font\" type=\"font/woff\" crossorigin=\"anonymous\" />\n    <link rel=\"preload\" href=\"https://cdn.ngrok.com/static/fonts/euclid-square/EuclidSquare-RegularItalic-WebS.woff\" as=\"font\" type=\"font/woff\" crossorigin=\"anonymous\" />\n    <link rel=\"preload\" href=\"https://cdn.ngrok.com/static/fonts/euclid-square/EuclidSquare-Medium-WebS.woff\" as=\"font\" type=\"font/woff\" crossorigin=\"anonymous\" />\n    <link rel=\"preload\" href=\"https://cdn.ngrok.com/static/fonts/euclid-square/EuclidSquare-Semibold-WebS.woff\" as=\"font\" type=\"font/woff\" crossorigin=\"anonymous\" />\n    <link rel=\"preload\" href=\"https://cdn.ngrok.com/static/fonts/euclid-square/EuclidSquare-MediumItalic-WebS.woff\" as=\"font\" type=\"font/woff\" crossorigin=\"anonymous\" />\n    <link rel=\"preload\" href=\"https://cdn.ngrok.com/static/fonts/ibm-plex-mono/IBMPlexMono-Text.woff\" as=\"font\" type=\"font/woff\" crossorigin=\"anonymous\" />\n    <link rel=\"preload\" href=\"https://cdn.ngrok.com/static/fonts/ibm-plex-mono/IBMPlexMono-TextItalic.woff\" as=\"font\" type=\"font/woff\" crossorigin=\"anonymous\" />\n    <link rel=\"preload\" href=\"https://cdn.ngrok.com/static/fonts/ibm-plex-mono/IBMPlexMono-SemiBold.woff\" as=\"font\" type=\"font/woff\" crossorigin=\"anonymous\" />\n    <link rel=\"preload\" href=\"https://cdn.ngrok.com/static/fonts/ibm-plex-mono/IBMPlexMono-SemiBoldItalic.woff\" as=\"font\" type=\"font/woff\" crossorigin=\"anonymous\" />\n    <meta charset=\"utf-8\">\n    <meta name=\"author\" content=\"ngrok\">\n    <meta name=\"description\" content=\"ngrok is the fastest way to put anything on the internet with a single command.\">\n    <meta name=\"robots\" content=\"noindex, nofollow\">\n    <meta name=\"viewport\" content=\"width=device-width, initial-scale=1\">\n    <link id=\"style\" rel=\"stylesheet\" href=\"https://cdn.ngrok.com/static/css/error.css\">\n    <noscript>Traffic successfully made it to the ngrok agent, but the agent failed to establish a connection to the upstream web service at localhost:3000. (ERR_NGROK_8012)</noscript>\n    <script id=\"script\" src=\"https://cdn.ngrok.com/static/js/error.js\" type=\"text/javascript\"></script>\n  </head>\n  <body class=\"h-full\" id=\"ngrok\">\n    <div id=\"root\" data-payload=\"eyJhZGRyIjoibG9jYWxob3N0OjMwMDAiLCJjZG5CYXNlIjoiaHR0cHM6Ly9jZG4ubmdyb2suY29tLyIsImNvZGUiOiI4MDEyIiwiZXJyb3JUZXh0IjoiZGlhbCB0Y3AgWzo6MV06MzAwMDogY29ubmVjdGV4OiBObyBjb25uZWN0aW9uIGNvdWxkIGJlIG1hZGUgYmVjYXVzZSB0aGUgdGFyZ2V0IG1hY2hpbmUgYWN0aXZlbHkgcmVmdXNlZCBpdC4iLCJtZXNzYWdlIjoiVHJhZmZpYyBzdWNjZXNzZnVsbHkgbWFkZSBpdCB0byB0aGUgbmdyb2sgYWdlbnQsIGJ1dCB0aGUgYWdlbnQgZmFpbGVkIHRvIGVzdGFibGlzaCBhIGNvbm5lY3Rpb24gdG8gdGhlIHVwc3RyZWFtIHdlYiBzZXJ2aWNlIGF0IGxvY2FsaG9zdDozMDAwLiIsInNjaGVtZSI6Imh0dHAiLCJ0aXRsZSI6IkJhZCBSZXF1ZXN0In0=\"></div>\n  </body>\n</html>\n"
[2025-10-28T23:57:20.011Z] ERROR: ❌ Error sending IPN: "<!DOCTYPE html>\n<html class=\"h-full\" lang=\"en-US\" dir=\"ltr\">\n  <head>\n    <link rel=\"preload\" href=\"https://cdn.ngrok.com/static/fonts/euclid-square/EuclidSquare-Regular-WebS.woff\" as=\"font\" type=\"font/woff\" crossorigin=\"anonymous\" />\n    <link rel=\"preload\" href=\"https://cdn.ngrok.com/static/fonts/euclid-square/EuclidSquare-RegularItalic-WebS.woff\" as=\"font\" type=\"font/woff\" crossorigin=\"anonymous\" />\n    <link rel=\"preload\" href=\"https://cdn.ngrok.com/static/fonts/euclid-square/EuclidSquare-Medium-WebS.woff\" as=\"font\" type=\"font/woff\" crossorigin=\"anonymous\" />\n    <link rel=\"preload\" href=\"https://cdn.ngrok.com/static/fonts/euclid-square/EuclidSquare-Semibold-WebS.woff\" as=\"font\" type=\"font/woff\" crossorigin=\"anonymous\" />\n    <link rel=\"preload\" href=\"https://cdn.ngrok.com/static/fonts/euclid-square/EuclidSquare-MediumItalic-WebS.woff\" as=\"font\" type=\"font/woff\" crossorigin=\"anonymous\" />\n    <link rel=\"preload\" href=\"https://cdn.ngrok.com/static/fonts/ibm-plex-mono/IBMPlexMono-Text.woff\" as=\"font\" type=\"font/woff\" crossorigin=\"anonymous\" />\n    <link rel=\"preload\" href=\"https://cdn.ngrok.com/static/fonts/ibm-plex-mono/IBMPlexMono-TextItalic.woff\" as=\"font\" type=\"font/woff\" crossorigin=\"anonymous\" />\n    <link rel=\"preload\" href=\"https://cdn.ngrok.com/static/fonts/ibm-plex-mono/IBMPlexMono-SemiBold.woff\" as=\"font\" type=\"font/woff\" crossorigin=\"anonymous\" />\n    <link rel=\"preload\" href=\"https://cdn.ngrok.com/static/fonts/ibm-plex-mono/IBMPlexMono-SemiBoldItalic.woff\" as=\"font\" type=\"font/woff\" crossorigin=\"anonymous\" />\n    <meta charset=\"utf-8\">\n    <meta name=\"author\" content=\"ngrok\">\n    <meta name=\"description\" content=\"ngrok is the fastest way to put anything on the internet with a single command.\">\n    <meta name=\"robots\" content=\"noindex, nofollow\">\n    <meta name=\"viewport\" content=\"width=device-width, initial-scale=1\">\n    <link id=\"style\" rel=\"stylesheet\" href=\"https://cdn.ngrok.com/static/css/error.css\">\n    <noscript>Traffic successfully made it to the ngrok agent, but the agent failed to establish a connection to the upstream web service at localhost:3000. (ERR_NGROK_8012)</noscript>\n    <script id=\"script\" src=\"https://cdn.ngrok.com/static/js/error.js\" type=\"text/javascript\"></script>\n  </head>\n  <body class=\"h-full\" id=\"ngrok\">\n    <div id=\"root\" data-payload=\"eyJhZGRyIjoibG9jYWxob3N0OjMwMDAiLCJjZG5CYXNlIjoiaHR0cHM6Ly9jZG4ubmdyb2suY29tLyIsImNvZGUiOiI4MDEyIiwiZXJyb3JUZXh0IjoiZGlhbCB0Y3AgWzo6MV06MzAwMDogY29ubmVjdGV4OiBObyBjb25uZWN0aW9uIGNvdWxkIGJlIG1hZGUgYmVjYXVzZSB0aGUgdGFyZ2V0IG1hY2hpbmUgYWN0aXZlbHkgcmVmdXNlZCBpdC4iLCJtZXNzYWdlIjoiVHJhZmZpYyBzdWNjZXNzZnVsbHkgbWFkZSBpdCB0byB0aGUgbmdyb2sgYWdlbnQsIGJ1dCB0aGUgYWdlbnQgZmFpbGVkIHRvIGVzdGFibGlzaCBhIGNvbm5lY3Rpb24gdG8gdGhlIHVwc3RyZWFtIHdlYiBzZXJ2aWNlIGF0IGxvY2FsaG9zdDozMDAwLiIsInNjaGVtZSI6Imh0dHAiLCJ0aXRsZSI6IkJhZCBSZXF1ZXN0In0=\"></div>\n  </body>\n</html>\n"
[2025-10-28T23:57:50.033Z] ERROR: ❌ Error sending IPN: "<!DOCTYPE html>\n<html class=\"h-full\" lang=\"en-US\" dir=\"ltr\">\n  <head>\n    <link rel=\"preload\" href=\"https://cdn.ngrok.com/static/fonts/euclid-square/EuclidSquare-Regular-WebS.woff\" as=\"font\" type=\"font/woff\" crossorigin=\"anonymous\" />\n    <link rel=\"preload\" href=\"https://cdn.ngrok.com/static/fonts/euclid-square/EuclidSquare-RegularItalic-WebS.woff\" as=\"font\" type=\"font/woff\" crossorigin=\"anonymous\" />\n    <link rel=\"preload\" href=\"https://cdn.ngrok.com/static/fonts/euclid-square/EuclidSquare-Medium-WebS.woff\" as=\"font\" type=\"font/woff\" crossorigin=\"anonymous\" />\n    <link rel=\"preload\" href=\"https://cdn.ngrok.com/static/fonts/euclid-square/EuclidSquare-Semibold-WebS.woff\" as=\"font\" type=\"font/woff\" crossorigin=\"anonymous\" />\n    <link rel=\"preload\" href=\"https://cdn.ngrok.com/static/fonts/euclid-square/EuclidSquare-MediumItalic-WebS.woff\" as=\"font\" type=\"font/woff\" crossorigin=\"anonymous\" />\n    <link rel=\"preload\" href=\"https://cdn.ngrok.com/static/fonts/ibm-plex-mono/IBMPlexMono-Text.woff\" as=\"font\" type=\"font/woff\" crossorigin=\"anonymous\" />\n    <link rel=\"preload\" href=\"https://cdn.ngrok.com/static/fonts/ibm-plex-mono/IBMPlexMono-TextItalic.woff\" as=\"font\" type=\"font/woff\" crossorigin=\"anonymous\" />\n    <link rel=\"preload\" href=\"https://cdn.ngrok.com/static/fonts/ibm-plex-mono/IBMPlexMono-SemiBold.woff\" as=\"font\" type=\"font/woff\" crossorigin=\"anonymous\" />\n    <link rel=\"preload\" href=\"https://cdn.ngrok.com/static/fonts/ibm-plex-mono/IBMPlexMono-SemiBoldItalic.woff\" as=\"font\" type=\"font/woff\" crossorigin=\"anonymous\" />\n    <meta charset=\"utf-8\">\n    <meta name=\"author\" content=\"ngrok\">\n    <meta name=\"description\" content=\"ngrok is the fastest way to put anything on the internet with a single command.\">\n    <meta name=\"robots\" content=\"noindex, nofollow\">\n    <meta name=\"viewport\" content=\"width=device-width, initial-scale=1\">\n    <link id=\"style\" rel=\"stylesheet\" href=\"https://cdn.ngrok.com/static/css/error.css\">\n    <noscript>Traffic successfully made it to the ngrok agent, but the agent failed to establish a connection to the upstream web service at localhost:3000. (ERR_NGROK_8012)</noscript>\n    <script id=\"script\" src=\"https://cdn.ngrok.com/static/js/error.js\" type=\"text/javascript\"></script>\n  </head>\n  <body class=\"h-full\" id=\"ngrok\">\n    <div id=\"root\" data-payload=\"eyJhZGRyIjoibG9jYWxob3N0OjMwMDAiLCJjZG5CYXNlIjoiaHR0cHM6Ly9jZG4ubmdyb2suY29tLyIsImNvZGUiOiI4MDEyIiwiZXJyb3JUZXh0IjoiZGlhbCB0Y3AgWzo6MV06MzAwMDogY29ubmVjdGV4OiBObyBjb25uZWN0aW9uIGNvdWxkIGJlIG1hZGUgYmVjYXVzZSB0aGUgdGFyZ2V0IG1hY2hpbmUgYWN0aXZlbHkgcmVmdXNlZCBpdC4iLCJtZXNzYWdlIjoiVHJhZmZpYyBzdWNjZXNzZnVsbHkgbWFkZSBpdCB0byB0aGUgbmdyb2sgYWdlbnQsIGJ1dCB0aGUgYWdlbnQgZmFpbGVkIHRvIGVzdGFibGlzaCBhIGNvbm5lY3Rpb24gdG8gdGhlIHVwc3RyZWFtIHdlYiBzZXJ2aWNlIGF0IGxvY2FsaG9zdDozMDAwLiIsInNjaGVtZSI6Imh0dHAiLCJ0aXRsZSI6IkJhZCBSZXF1ZXN0In0=\"></div>\n  </body>\n</html>\n"
[2025-10-28T23:58:19.998Z] ERROR: ❌ Error sending IPN: "<!DOCTYPE html>\n<html class=\"h-full\" lang=\"en-US\" dir=\"ltr\">\n  <head>\n    <link rel=\"preload\" href=\"https://cdn.ngrok.com/static/fonts/euclid-square/EuclidSquare-Regular-WebS.woff\" as=\"font\" type=\"font/woff\" crossorigin=\"anonymous\" />\n    <link rel=\"preload\" href=\"https://cdn.ngrok.com/static/fonts/euclid-square/EuclidSquare-RegularItalic-WebS.woff\" as=\"font\" type=\"font/woff\" crossorigin=\"anonymous\" />\n    <link rel=\"preload\" href=\"https://cdn.ngrok.com/static/fonts/euclid-square/EuclidSquare-Medium-WebS.woff\" as=\"font\" type=\"font/woff\" crossorigin=\"anonymous\" />\n    <link rel=\"preload\" href=\"https://cdn.ngrok.com/static/fonts/euclid-square/EuclidSquare-Semibold-WebS.woff\" as=\"font\" type=\"font/woff\" crossorigin=\"anonymous\" />\n    <link rel=\"preload\" href=\"https://cdn.ngrok.com/static/fonts/euclid-square/EuclidSquare-MediumItalic-WebS.woff\" as=\"font\" type=\"font/woff\" crossorigin=\"anonymous\" />\n    <link rel=\"preload\" href=\"https://cdn.ngrok.com/static/fonts/ibm-plex-mono/IBMPlexMono-Text.woff\" as=\"font\" type=\"font/woff\" crossorigin=\"anonymous\" />\n    <link rel=\"preload\" href=\"https://cdn.ngrok.com/static/fonts/ibm-plex-mono/IBMPlexMono-TextItalic.woff\" as=\"font\" type=\"font/woff\" crossorigin=\"anonymous\" />\n    <link rel=\"preload\" href=\"https://cdn.ngrok.com/static/fonts/ibm-plex-mono/IBMPlexMono-SemiBold.woff\" as=\"font\" type=\"font/woff\" crossorigin=\"anonymous\" />\n    <link rel=\"preload\" href=\"https://cdn.ngrok.com/static/fonts/ibm-plex-mono/IBMPlexMono-SemiBoldItalic.woff\" as=\"font\" type=\"font/woff\" crossorigin=\"anonymous\" />\n    <meta charset=\"utf-8\">\n    <meta name=\"author\" content=\"ngrok\">\n    <meta name=\"description\" content=\"ngrok is the fastest way to put anything on the internet with a single command.\">\n    <meta name=\"robots\" content=\"noindex, nofollow\">\n    <meta name=\"viewport\" content=\"width=device-width, initial-scale=1\">\n    <link id=\"style\" rel=\"stylesheet\" href=\"https://cdn.ngrok.com/static/css/error.css\">\n    <noscript>Traffic successfully made it to the ngrok agent, but the agent failed to establish a connection to the upstream web service at localhost:3000. (ERR_NGROK_8012)</noscript>\n    <script id=\"script\" src=\"https://cdn.ngrok.com/static/js/error.js\" type=\"text/javascript\"></script>\n  </head>\n  <body class=\"h-full\" id=\"ngrok\">\n    <div id=\"root\" data-payload=\"eyJhZGRyIjoibG9jYWxob3N0OjMwMDAiLCJjZG5CYXNlIjoiaHR0cHM6Ly9jZG4ubmdyb2suY29tLyIsImNvZGUiOiI4MDEyIiwiZXJyb3JUZXh0IjoiZGlhbCB0Y3AgWzo6MV06MzAwMDogY29ubmVjdGV4OiBObyBjb25uZWN0aW9uIGNvdWxkIGJlIG1hZGUgYmVjYXVzZSB0aGUgdGFyZ2V0IG1hY2hpbmUgYWN0aXZlbHkgcmVmdXNlZCBpdC4iLCJtZXNzYWdlIjoiVHJhZmZpYyBzdWNjZXNzZnVsbHkgbWFkZSBpdCB0byB0aGUgbmdyb2sgYWdlbnQsIGJ1dCB0aGUgYWdlbnQgZmFpbGVkIHRvIGVzdGFibGlzaCBhIGNvbm5lY3Rpb24gdG8gdGhlIHVwc3RyZWFtIHdlYiBzZXJ2aWNlIGF0IGxvY2FsaG9zdDozMDAwLiIsInNjaGVtZSI6Imh0dHAiLCJ0aXRsZSI6IkJhZCBSZXF1ZXN0In0=\"></div>\n  </body>\n</html>\n"
[2025-10-28T23:58:50.113Z] ERROR: ❌ Error sending IPN: "<!DOCTYPE html>\n<html class=\"h-full\" lang=\"en-US\" dir=\"ltr\">\n  <head>\n    <link rel=\"preload\" href=\"https://cdn.ngrok.com/static/fonts/euclid-square/EuclidSquare-Regular-WebS.woff\" as=\"font\" type=\"font/woff\" crossorigin=\"anonymous\" />\n    <link rel=\"preload\" href=\"https://cdn.ngrok.com/static/fonts/euclid-square/EuclidSquare-RegularItalic-WebS.woff\" as=\"font\" type=\"font/woff\" crossorigin=\"anonymous\" />\n    <link rel=\"preload\" href=\"https://cdn.ngrok.com/static/fonts/euclid-square/EuclidSquare-Medium-WebS.woff\" as=\"font\" type=\"font/woff\" crossorigin=\"anonymous\" />\n    <link rel=\"preload\" href=\"https://cdn.ngrok.com/static/fonts/euclid-square/EuclidSquare-Semibold-WebS.woff\" as=\"font\" type=\"font/woff\" crossorigin=\"anonymous\" />\n    <link rel=\"preload\" href=\"https://cdn.ngrok.com/static/fonts/euclid-square/EuclidSquare-MediumItalic-WebS.woff\" as=\"font\" type=\"font/woff\" crossorigin=\"anonymous\" />\n    <link rel=\"preload\" href=\"https://cdn.ngrok.com/static/fonts/ibm-plex-mono/IBMPlexMono-Text.woff\" as=\"font\" type=\"font/woff\" crossorigin=\"anonymous\" />\n    <link rel=\"preload\" href=\"https://cdn.ngrok.com/static/fonts/ibm-plex-mono/IBMPlexMono-TextItalic.woff\" as=\"font\" type=\"font/woff\" crossorigin=\"anonymous\" />\n    <link rel=\"preload\" href=\"https://cdn.ngrok.com/static/fonts/ibm-plex-mono/IBMPlexMono-SemiBold.woff\" as=\"font\" type=\"font/woff\" crossorigin=\"anonymous\" />\n    <link rel=\"preload\" href=\"https://cdn.ngrok.com/static/fonts/ibm-plex-mono/IBMPlexMono-SemiBoldItalic.woff\" as=\"font\" type=\"font/woff\" crossorigin=\"anonymous\" />\n    <meta charset=\"utf-8\">\n    <meta name=\"author\" content=\"ngrok\">\n    <meta name=\"description\" content=\"ngrok is the fastest way to put anything on the internet with a single command.\">\n    <meta name=\"robots\" content=\"noindex, nofollow\">\n    <meta name=\"viewport\" content=\"width=device-width, initial-scale=1\">\n    <link id=\"style\" rel=\"stylesheet\" href=\"https://cdn.ngrok.com/static/css/error.css\">\n    <noscript>Traffic successfully made it to the ngrok agent, but the agent failed to establish a connection to the upstream web service at localhost:3000. (ERR_NGROK_8012)</noscript>\n    <script id=\"script\" src=\"https://cdn.ngrok.com/static/js/error.js\" type=\"text/javascript\"></script>\n  </head>\n  <body class=\"h-full\" id=\"ngrok\">\n    <div id=\"root\" data-payload=\"eyJhZGRyIjoibG9jYWxob3N0OjMwMDAiLCJjZG5CYXNlIjoiaHR0cHM6Ly9jZG4ubmdyb2suY29tLyIsImNvZGUiOiI4MDEyIiwiZXJyb3JUZXh0IjoiZGlhbCB0Y3AgWzo6MV06MzAwMDogY29ubmVjdGV4OiBObyBjb25uZWN0aW9uIGNvdWxkIGJlIG1hZGUgYmVjYXVzZSB0aGUgdGFyZ2V0IG1hY2hpbmUgYWN0aXZlbHkgcmVmdXNlZCBpdC4iLCJtZXNzYWdlIjoiVHJhZmZpYyBzdWNjZXNzZnVsbHkgbWFkZSBpdCB0byB0aGUgbmdyb2sgYWdlbnQsIGJ1dCB0aGUgYWdlbnQgZmFpbGVkIHRvIGVzdGFibGlzaCBhIGNvbm5lY3Rpb24gdG8gdGhlIHVwc3RyZWFtIHdlYiBzZXJ2aWNlIGF0IGxvY2FsaG9zdDozMDAwLiIsInNjaGVtZSI6Imh0dHAiLCJ0aXRsZSI6IkJhZCBSZXF1ZXN0In0=\"></div>\n  </body>\n</html>\n"
[2025-10-28T23:59:50.121Z] ERROR: ❌ Error sending IPN: "<!DOCTYPE html>\n<html class=\"h-full\" lang=\"en-US\" dir=\"ltr\">\n  <head>\n    <link rel=\"preload\" href=\"https://cdn.ngrok.com/static/fonts/euclid-square/EuclidSquare-Regular-WebS.woff\" as=\"font\" type=\"font/woff\" crossorigin=\"anonymous\" />\n    <link rel=\"preload\" href=\"https://cdn.ngrok.com/static/fonts/euclid-square/EuclidSquare-RegularItalic-WebS.woff\" as=\"font\" type=\"font/woff\" crossorigin=\"anonymous\" />\n    <link rel=\"preload\" href=\"https://cdn.ngrok.com/static/fonts/euclid-square/EuclidSquare-Medium-WebS.woff\" as=\"font\" type=\"font/woff\" crossorigin=\"anonymous\" />\n    <link rel=\"preload\" href=\"https://cdn.ngrok.com/static/fonts/euclid-square/EuclidSquare-Semibold-WebS.woff\" as=\"font\" type=\"font/woff\" crossorigin=\"anonymous\" />\n    <link rel=\"preload\" href=\"https://cdn.ngrok.com/static/fonts/euclid-square/EuclidSquare-MediumItalic-WebS.woff\" as=\"font\" type=\"font/woff\" crossorigin=\"anonymous\" />\n    <link rel=\"preload\" href=\"https://cdn.ngrok.com/static/fonts/ibm-plex-mono/IBMPlexMono-Text.woff\" as=\"font\" type=\"font/woff\" crossorigin=\"anonymous\" />\n    <link rel=\"preload\" href=\"https://cdn.ngrok.com/static/fonts/ibm-plex-mono/IBMPlexMono-TextItalic.woff\" as=\"font\" type=\"font/woff\" crossorigin=\"anonymous\" />\n    <link rel=\"preload\" href=\"https://cdn.ngrok.com/static/fonts/ibm-plex-mono/IBMPlexMono-SemiBold.woff\" as=\"font\" type=\"font/woff\" crossorigin=\"anonymous\" />\n    <link rel=\"preload\" href=\"https://cdn.ngrok.com/static/fonts/ibm-plex-mono/IBMPlexMono-SemiBoldItalic.woff\" as=\"font\" type=\"font/woff\" crossorigin=\"anonymous\" />\n    <meta charset=\"utf-8\">\n    <meta name=\"author\" content=\"ngrok\">\n    <meta name=\"description\" content=\"ngrok is the fastest way to put anything on the internet with a single command.\">\n    <meta name=\"robots\" content=\"noindex, nofollow\">\n    <meta name=\"viewport\" content=\"width=device-width, initial-scale=1\">\n    <link id=\"style\" rel=\"stylesheet\" href=\"https://cdn.ngrok.com/static/css/error.css\">\n    <noscript>Traffic successfully made it to the ngrok agent, but the agent failed to establish a connection to the upstream web service at localhost:3000. (ERR_NGROK_8012)</noscript>\n    <script id=\"script\" src=\"https://cdn.ngrok.com/static/js/error.js\" type=\"text/javascript\"></script>\n  </head>\n  <body class=\"h-full\" id=\"ngrok\">\n    <div id=\"root\" data-payload=\"eyJhZGRyIjoibG9jYWxob3N0OjMwMDAiLCJjZG5CYXNlIjoiaHR0cHM6Ly9jZG4ubmdyb2suY29tLyIsImNvZGUiOiI4MDEyIiwiZXJyb3JUZXh0IjoiZGlhbCB0Y3AgWzo6MV06MzAwMDogY29ubmVjdGV4OiBObyBjb25uZWN0aW9uIGNvdWxkIGJlIG1hZGUgYmVjYXVzZSB0aGUgdGFyZ2V0IG1hY2hpbmUgYWN0aXZlbHkgcmVmdXNlZCBpdC4iLCJtZXNzYWdlIjoiVHJhZmZpYyBzdWNjZXNzZnVsbHkgbWFkZSBpdCB0byB0aGUgbmdyb2sgYWdlbnQsIGJ1dCB0aGUgYWdlbnQgZmFpbGVkIHRvIGVzdGFibGlzaCBhIGNvbm5lY3Rpb24gdG8gdGhlIHVwc3RyZWFtIHdlYiBzZXJ2aWNlIGF0IGxvY2FsaG9zdDozMDAwLiIsInNjaGVtZSI6Imh0dHAiLCJ0aXRsZSI6IkJhZCBSZXF1ZXN0In0=\"></div>\n  </body>\n</html>\n"
